LF,Optimal_AR,Min_BOR,Cryogen
0.05,0.4691691691691692,0.0190281232220311,LH2_rq03
0.0545226130653266,0.4687687687687688,0.0174561317890629,LH2_rq03
0.0590452261306532,0.4685685685685686,0.0161249526603763,LH2_rq03
0.0635678391959799,0.4681681681681682,0.0149831871227836,LH2_rq03
0.0680904522613065,0.467967967967968,0.013993092171798,LH2_rq03
0.0726130653266331,0.4677677677677678,0.0131263281157546,LH2_rq03
0.0771356783919598,0.4673673673673674,0.0123612014213086,LH2_rq03
0.0816582914572864,0.4671671671671671,0.0116808247533118,LH2_rq03
0.086180904522613,0.4667667667667668,0.0110718555500059,LH2_rq03
0.0907035175879397,0.4665665665665665,0.0105236122585925,LH2_rq03
0.0952261306532663,0.4663663663663663,0.0100274427665192,LH2_rq03
0.0997487437185929,0.4659659659659659,0.0095762639098899,LH2_rq03
0.1042713567839195,0.4657657657657657,0.0091642214957709,LH2_rq03
0.1087939698492462,0.4655655655655655,0.0087864348298646,LH2_rq03
0.1133165829145728,0.4651651651651651,0.0084388022311678,LH2_rq03
0.1178391959798994,0.464964964964965,0.0081178518857088,LH2_rq03
0.1223618090452261,0.4645645645645645,0.0078206251958669,LH2_rq03
0.1268844221105527,0.4643643643643643,0.0075445852827801,LH2_rq03
0.1314070351758794,0.4641641641641642,0.0072875447006543,LH2_rq03
0.135929648241206,0.4637637637637637,0.0070476069999354,LH2_rq03
0.1404522613065326,0.4635635635635635,0.0068231199805911,LH2_rq03
0.1449748743718593,0.4633633633633633,0.0066126377213822,LH2_rq03
0.1494974874371859,0.4629629629629629,0.0064148891644741,LH2_rq03
0.1540201005025125,0.4627627627627627,0.0062287525657838,LH2_rq03
0.1585427135678392,0.4625625625625625,0.0060532342430695,LH2_rq03
0.1630653266331658,0.4621621621621621,0.005887450663774,LH2_rq03
0.1675879396984924,0.461961961961962,0.0057306137055394,LH2_rq03
0.1721105527638191,0.4617617617617617,0.0055820181280295,LH2_rq03
0.1766331658291457,0.4613613613613613,0.0054410308444783,LH2_rq03
0.1811557788944723,0.4611611611611612,0.0053070820228165,LH2_rq03
0.185678391959799,0.4609609609609609,0.0051796573873728,LH2_rq03
0.1902010050251256,0.4605605605605605,0.005058291512096,LH2_rq03
0.1947236180904522,0.4603603603603603,0.0049425622278994,LH2_rq03
0.1992462311557788,0.4601601601601601,0.0048320857444895,LH2_rq03
0.2037688442211055,0.4597597597597597,0.0047265122899382,LH2_rq03
0.2082914572864321,0.4595595595595595,0.0046255224602621,LH2_rq03
0.2128140703517587,0.4593593593593594,0.0045288240726578,LH2_rq03
0.2173366834170854,0.4589589589589589,0.0044361492193305,LH2_rq03
0.221859296482412,0.4587587587587587,0.004347251790422,LH2_rq03
0.2263819095477386,0.4585585585585585,0.0042619054445311,LH2_rq03
0.2309045226130653,0.4583583583583583,0.0041799015219152,LH2_rq03
0.2354271356783919,0.4579579579579579,0.0041010473582641,LH2_rq03
0.2399497487437185,0.4577577577577577,0.0040251648767546,LH2_rq03
0.2444723618090452,0.4575575575575575,0.0039520891667648,LH2_rq03
0.2489949748743718,0.4571571571571571,0.003881667270377,LH2_rq03
0.2535175879396985,0.456956956956957,0.003813757144766,LH2_rq03
0.2580402010050251,0.4567567567567567,0.0037482267511141,LH2_rq03
0.2625628140703517,0.4565565565565566,0.0036849531178111,LH2_rq03
0.2670854271356784,0.4561561561561562,0.00362382156657,LH2_rq03
0.271608040201005,0.4559559559559559,0.0035647251207538,LH2_rq03
0.2761306532663316,0.4557557557557558,0.0035075637916892,LH2_rq03
0.2806532663316582,0.4553553553553554,0.0034522440201821,LH2_rq03
0.2851758793969849,0.4551551551551551,0.0033986781677593,LH2_rq03
0.2896984924623115,0.4549549549549549,0.0033467841217821,LH2_rq03
0.2942211055276382,0.4547547547547548,0.0032964847880278,LH2_rq03
0.2987437185929648,0.4543543543543544,0.0032477077232417,LH2_rq03
0.3032663316582914,0.4541541541541541,0.0032003848211754,LH2_rq03
0.307788944723618,0.453953953953954,0.0031544519988993,LH2_rq03
0.3123115577889447,0.4537537537537537,0.0031098488669574,LH2_rq03
0.3168341708542713,0.4533533533533533,0.0030665184635407,LH2_rq03
0.321356783919598,0.4531531531531531,0.0030244070609579,LH2_rq03
0.3258793969849246,0.4529529529529529,0.0029834639196736,LH2_rq03
0.3304020100502512,0.4527527527527527,0.002943641065636,LH2_rq03
0.3349246231155778,0.4523523523523524,0.0029048930976877,LH2_rq03
0.3394472361809045,0.4521521521521521,0.0028671770583661,LH2_rq03
0.3439698492462311,0.451951951951952,0.0028304522557304,LH2_rq03
0.3484924623115578,0.4517517517517517,0.0027946800981718,LH2_rq03
0.3530150753768843,0.4513513513513514,0.0027598239598045,LH2_rq03
0.357537688442211,0.4511511511511512,0.0027258490755385,LH2_rq03
0.3620603015075376,0.450950950950951,0.0026927224373891,LH2_rq03
0.3665829145728643,0.4507507507507508,0.0026604126505274,LH2_rq03
0.3711055276381909,0.4503503503503503,0.0026288898487333,LH2_rq03
0.3756281407035176,0.4501501501501501,0.0025981255840444,LH2_rq03
0.3801507537688441,0.4499499499499499,0.0025680928075223,LH2_rq03
0.3846733668341708,0.4497497497497498,0.0025387657189563,LH2_rq03
0.3891959798994974,0.4495495495495495,0.0025101197173797,LH2_rq03
0.3937185929648241,0.4491491491491491,0.0024821313201544,LH2_rq03
0.3982412060301507,0.448948948948949,0.0024547781240367,LH2_rq03
0.4027638190954773,0.4487487487487488,0.0024280387424302,LH2_rq03
0.4072864321608039,0.4485485485485486,0.0024018927276233,LH2_rq03
0.4118090452261306,0.4483483483483483,0.0023763205301682,LH2_rq03
0.4163316582914572,0.4479479479479479,0.0023513034347297,LH2_rq03
0.4208542713567839,0.4477477477477478,0.0023268235552457,LH2_rq03
0.4253768844221105,0.4475475475475475,0.0023028637624922,LH2_rq03
0.4298994974874371,0.4473473473473473,0.0022794076424315,LH2_rq03
0.4344221105527638,0.4471471471471471,0.0022564394645447,LH2_rq03
0.4389447236180904,0.4467467467467467,0.0022339441338447,LH2_rq03
0.443467336683417,0.4465465465465465,0.0022119071903463,LH2_rq03
0.4479899497487437,0.4463463463463463,0.0021903147576499,LH2_rq03
0.4525125628140703,0.4461461461461461,0.0021691535079901,LH2_rq03
0.4570351758793969,0.4459459459459459,0.0021484106411383,LH2_rq03
0.4615577889447236,0.4455455455455455,0.0021280738534115,LH2_rq03
0.4660804020100502,0.4453453453453453,0.0021081313170945,LH2_rq03
0.4706030150753768,0.4451451451451451,0.0020885716776166,LH2_rq03
0.4751256281407034,0.4449449449449449,0.002069384000999,LH2_rq03
0.4796482412060301,0.4447447447447447,0.0020505577656498,LH2_rq03
0.4841708542713567,0.4445445445445445,0.00203208284311,LH2_rq03
0.4886934673366834,0.4441441441441441,0.0020139494714474,LH2_rq03
0.49321608040201,0.4439439439439439,0.0019961482568367,LH2_rq03
0.4977386934673366,0.4437437437437437,0.0019786701518677,LH2_rq03
0.5022613065326633,0.4435435435435435,0.0019615064283589,LH2_rq03
0.5067839195979899,0.4433433433433433,0.0019446486696957,LH2_rq03
0.5113065326633165,0.4431431431431431,0.0019280887570541,LH2_rq03
0.5158291457286431,0.4427427427427427,0.0019118188517336,LH2_rq03
0.5203517587939698,0.4425425425425426,0.0018958313880992,LH2_rq03
0.5248743718592964,0.4423423423423424,0.0018801190739276,LH2_rq03
0.5293969849246231,0.4421421421421422,0.0018646748575951,LH2_rq03
0.5339195979899497,0.441941941941942,0.0018494919264,LH2_rq03
0.5384422110552763,0.4417417417417418,0.0018345636965409,LH2_rq03
0.542964824120603,0.4415415415415415,0.0018198838035684,LH2_rq03
0.5474874371859296,0.4411411411411411,0.0018054460870031,LH2_rq03
0.5520100502512563,0.440940940940941,0.0017912445957891,LH2_rq03
0.5565326633165829,0.4407407407407408,0.0017772735762038,LH2_rq03
0.5610552763819094,0.4405405405405406,0.001763527454955,LH2_rq03
0.5655778894472361,0.4403403403403403,0.0017500008370199,LH2_rq03
0.5701005025125627,0.4401401401401402,0.0017366884985696,LH2_rq03
0.5746231155778894,0.43993993993994,0.001723585380235,LH2_rq03
0.579145728643216,0.4397397397397398,0.0017106865806839,LH2_rq03
0.5836683417085426,0.4393393393393394,0.0016979873410541,LH2_rq03
0.5881909547738693,0.4391391391391392,0.0016854830675234,LH2_rq03
0.5927135678391959,0.438938938938939,0.0016731692974506,LH2_rq03
0.5972361809045226,0.4387387387387388,0.0016610417031694,LH2_rq03
0.6017587939698492,0.4385385385385386,0.0016490960871147,LH2_rq03
0.6062814070351759,0.4383383383383383,0.0016373283769699,LH2_rq03
0.6108040201005025,0.4381381381381382,0.0016257346210311,LH2_rq03
0.6153266331658291,0.437937937937938,0.0016143109837741,LH2_rq03
0.6198492462311557,0.4375375375375375,0.0016030537391982,LH2_rq03
0.6243718592964823,0.4373373373373374,0.0015919592686883,LH2_rq03
0.628894472361809,0.4371371371371371,0.0015810240661352,LH2_rq03
0.6334170854271356,0.4369369369369369,0.0015702447201389,LH2_rq03
0.6379396984924622,0.4367367367367367,0.0015596179160418,LH2_rq03
0.6424623115577889,0.4365365365365365,0.0015491404325205,LH2_rq03
0.6469849246231155,0.4363363363363363,0.0015388091383232,LH2_rq03
0.6515075376884422,0.4361361361361361,0.0015286209891452,LH2_rq03
0.6560301507537688,0.4359359359359359,0.0015185730246307,LH2_rq03
0.6605527638190954,0.4357357357357357,0.0015086623654983,LH2_rq03
0.6650753768844221,0.4355355355355355,0.0014988862107873,LH2_rq03
0.6695979899497487,0.4351351351351351,0.0014892418299601,LH2_rq03
0.6741206030150753,0.4349349349349349,0.0014797265756213,LH2_rq03
0.6786432160804019,0.4347347347347347,0.0014703378670074,LH2_rq03
0.6831658291457285,0.4345345345345345,0.0014610731910189,LH2_rq03
0.6876884422110552,0.4343343343343344,0.0014519301006668,LH2_rq03
0.6922110552763818,0.4341341341341341,0.0014429062129125,LH2_rq03
0.6967336683417085,0.4339339339339339,0.0014339992065931,LH2_rq03
0.7012562814070351,0.4337337337337337,0.0014252068204259,LH2_rq03
0.7057788944723618,0.4335335335335335,0.0014165268510894,LH2_rq03
0.7103015075376884,0.4333333333333333,0.0014079571513786,LH2_rq03
0.714824120603015,0.4331331331331331,0.0013994956284288,LH2_rq03
0.7193467336683417,0.4329329329329329,0.0013911402420095,LH2_rq03
0.7238693467336683,0.4327327327327327,0.0013828890028765,LH2_rq03
0.7283919597989948,0.4325325325325325,0.0013747399711939,LH2_rq03
0.7329145728643215,0.4321321321321321,0.0013666912513254,LH2_rq03
0.7374371859296481,0.4319319319319319,0.0013587410014991,LH2_rq03
0.7419597989949748,0.4317317317317317,0.0013508874212375,LH2_rq03
0.7464824120603014,0.4315315315315315,0.0013431287536288,LH2_rq03
0.7510050251256281,0.4313313313313313,0.0013354632840826,LH2_rq03
0.7555276381909547,0.4311311311311311,0.0013278893390636,LH2_rq03
0.7600502512562813,0.4309309309309309,0.0013204052848697,LH2_rq03
0.764572864321608,0.4307307307307307,0.0013130095264544,LH2_rq03
0.7690954773869346,0.4305305305305306,0.0013057005062889,LH2_rq03
0.7736180904522613,0.4303303303303303,0.0012984767032678,LH2_rq03
0.7781407035175879,0.4301301301301301,0.0012913366316484,LH2_rq03
0.7826633165829145,0.4299299299299299,0.0012842788400299,LH2_rq03
0.7871859296482411,0.4297297297297297,0.0012773019103673,LH2_rq03
0.7917085427135677,0.4295295295295295,0.0012704044570179,LH2_rq03
0.7962311557788944,0.4293293293293293,0.0012635851258212,LH2_rq03
0.800753768844221,0.4291291291291291,0.0012568425932106,LH2_rq03
0.8052763819095476,0.4289289289289289,0.0012501755653533,LH2_rq03
0.8097989949748743,0.4287287287287287,0.0012435827773204,LH2_rq03
0.8143216080402009,0.4285285285285286,0.0012370629922847,LH2_rq03
0.8188442211055276,0.4283283283283283,0.001230615000744,LH2_rq03
0.8233668341708542,0.4281281281281281,0.001224237619771,LH2_rq03
0.8278894472361809,0.4279279279279279,0.0012179296922875,LH2_rq03
0.8324120603015075,0.4277277277277277,0.0012116900863616,LH2_rq03
0.8369346733668341,0.4275275275275275,0.0012055176945293,LH2_rq03
0.8414572864321607,0.4273273273273273,0.0011994114331363,LH2_rq03
0.8459798994974873,0.4271271271271271,0.0011933702417014,LH2_rq03
0.850502512562814,0.4269269269269269,0.0011873930823007,LH2_rq03
0.8550251256281406,0.4267267267267267,0.0011814789389717,LH2_rq03
0.8595477386934672,0.4265265265265265,0.0011756268171338,LH2_rq03
0.8640703517587939,0.4263263263263263,0.0011698357430304,LH2_rq03
0.8685929648241205,0.4261261261261261,0.0011641047631859,LH2_rq03
0.8731155778894472,0.4259259259259259,0.00115843294388,LH2_rq03
0.8776381909547738,0.4257257257257257,0.0011528193706395,LH2_rq03
0.8821608040201004,0.4255255255255255,0.0011472631477435,LH2_rq03
0.8866834170854271,0.4253253253253253,0.0011417633977447,LH2_rq03
0.8912060301507537,0.425125125125125,0.0011363192610052,LH2_rq03
0.8957286432160803,0.4249249249249249,0.001130929895244,LH2_rq03
0.9002512562814069,0.4247247247247247,0.0011255944750985,LH2_rq03
0.9047738693467337,0.4245245245245245,0.0011203121916965,LH2_rq03
0.9092964824120602,0.4243243243243243,0.0011150822522368,LH2_rq03
0.9138190954773868,0.4241241241241241,0.0011099038795773,LH2_rq03
0.9183417085427136,0.4239239239239238,0.001104776311825,LH2_rq03
0.92286432160804,0.4237237237237237,0.0010996988019181,LH2_rq03
0.9273869346733667,0.4235235235235235,0.0010946706171928,LH2_rq03
0.9319095477386934,0.4233233233233233,0.0010896910389022,LH2_rq03
0.93643216080402,0.4231231231231231,0.0010847593616473,LH2_rq03
0.9409547738693468,0.4229229229229229,0.0010798748926296,LH2_rq03
0.9454773869346732,0.4227227227227227,0.0010750369505518,LH2_rq03
0.95,0.4225225225225225,0.0010702448638181,LH2_rq03
0.05,2.550250250250251,0.0334667366277349,LH2_rq07
0.0545226130653266,2.548848848848849,0.030701984883491,LH2_rq07
0.0590452261306532,2.547247247247248,0.0283607627795321,LH2_rq07
0.0635678391959799,2.5456456456456453,0.0263526726982688,LH2_rq07
0.0680904522613065,2.544244244244244,0.0246113340911625,LH2_rq07
0.0726130653266331,2.5426426426426425,0.0230869041293222,LH2_rq07
0.0771356783919598,2.541041041041041,0.0217412295128509,LH2_rq07
0.0816582914572864,2.53963963963964,0.0205446093512715,LH2_rq07
0.086180904522613,2.538038038038038,0.0194735773579846,LH2_rq07
0.0907035175879397,2.5366366366366364,0.018509347495146,LH2_rq07
0.0952261306532663,2.535035035035035,0.0176367025754397,LH2_rq07
0.0997487437185929,2.5336336336336336,0.0168431852112989,LH2_rq07
0.1042713567839195,2.532032032032032,0.0161184992845861,LH2_rq07
0.1087939698492462,2.5306306306306308,0.0154540607490405,LH2_rq07
0.1133165829145728,2.5290290290290294,0.0148426559436746,LH2_rq07
0.1178391959798994,2.5276276276276275,0.0142781786521814,LH2_rq07
0.1223618090452261,2.5260260260260257,0.0137554254094007,LH2_rq07
0.1268844221105527,2.524624624624624,0.0132699346441973,LH2_rq07
0.1314070351758794,2.5230230230230237,0.0128178589871105,LH2_rq07
0.135929648241206,2.521621621621622,0.0123958631099461,LH2_rq07
0.1404522613065326,2.52002002002002,0.0120010412774288,LH2_rq07
0.1449748743718593,2.5186186186186186,0.0116308503383826,LH2_rq07
0.1494974874371859,2.517217217217217,0.0112830548916197,LH2_rq07
0.1540201005025125,2.515615615615616,0.0109556820871605,LH2_rq07
0.1585427135678392,2.5142142142142143,0.0106469841916834,LH2_rq07
0.1630653266331658,2.512812812812813,0.010355407365245,LH2_rq07
0.1675879396984924,2.511211211211211,0.0100795654938396,LH2_rq07
0.1721105527638191,2.5098098098098096,0.0098182181621739,LH2_rq07
0.1766331658291457,2.5084084084084086,0.0095702519954933,LH2_rq07
0.1811557788944723,2.5068068068068072,0.0093346647998569,LH2_rq07
0.185678391959799,2.5054054054054054,0.0091105520235819,LH2_rq07
0.1902010050251256,2.5040040040040044,0.0088970951528135,LH2_rq07
0.1947236180904522,2.5026026026026025,0.0086935517138604,LH2_rq07
0.1992462311557788,2.501001001001001,0.0084992466454763,LH2_rq07
0.2037688442211055,2.4995995995996,0.0083135648156668,LH2_rq07
0.2082914572864321,2.498198198198198,0.0081359445222745,LH2_rq07
0.2128140703517587,2.496796796796797,0.0079658718087626,LH2_rq07
0.2173366834170854,2.495395395395396,0.0078028754988136,LH2_rq07
0.221859296482412,2.493993993993994,0.0076465228358813,LH2_rq07
0.2263819095477386,2.492592592592593,0.0074964156455918,LH2_rq07
0.2309045226130653,2.49099099099099,0.0073521869480552,LH2_rq07
0.2354271356783919,2.4895895895895896,0.0072134979639886,LH2_rq07
0.2399497487437185,2.488188188188188,0.0070800354552155,LH2_rq07
0.2444723618090452,2.4867867867867868,0.0069515093622746,LH2_rq07
0.2489949748743718,2.4853853853853853,0.0068276506996305,LH2_rq07
0.2535175879396985,2.483983983983984,0.0067082096759745,LH2_rq07
0.2580402010050251,2.4825825825825825,0.006592954012143,LH2_rq07
0.2625628140703517,2.481181181181181,0.0064816674328798,LH2_rq07
0.2670854271356784,2.47977977977978,0.0063741483118899,LH2_rq07
0.271608040201005,2.4783783783783786,0.0062702084521721,LH2_rq07
0.2761306532663316,2.476976976976977,0.0061696719863041,LH2_rq07
0.2806532663316582,2.4755755755755757,0.0060723743829811,LH2_rq07
0.2851758793969849,2.4741741741741743,0.0059781615481265,LH2_rq07
0.2896984924623115,2.472772772772773,0.0058868890102139,LH2_rq07
0.2942211055276382,2.4713713713713714,0.005798421180635,LH2_rq07
0.2987437185929648,2.46996996996997,0.0057126306814093,LH2_rq07
0.3032663316582914,2.4687687687687685,0.0056293977324095,LH2_rq07
0.307788944723618,2.4673673673673675,0.0055486095940463,LH2_rq07
0.3123115577889447,2.4659659659659656,0.0054701600576034,LH2_rq07
0.3168341708542713,2.4645645645645646,0.0053939489782063,LH2_rq07
0.321356783919598,2.463163163163164,0.0053198818485284,LH2_rq07
0.3258793969849246,2.4617617617617618,0.0052478694076072,LH2_rq07
0.3304020100502512,2.4605605605605607,0.0051778272816532,LH2_rq07
0.3349246231155778,2.4591591591591597,0.0051096756529969,LH2_rq07
0.3394472361809045,2.457757757757758,0.005043338960373,LH2_rq07
0.3439698492462311,2.456356356356356,0.0049787456152387,LH2_rq07
0.3484924623115578,2.454954954954955,0.0049158277452383,LH2_rq07
0.3530150753768843,2.453753753753754,0.0048545209548944,LH2_rq07
0.357537688442211,2.4523523523523525,0.0047947641088507,LH2_rq07
0.3620603015075376,2.4509509509509506,0.0047364991263539,LH2_rq07
0.3665829145728643,2.44974974974975,0.0046796707920584,LH2_rq07
0.3711055276381909,2.4483483483483486,0.0046242265808544,LH2_rq07
0.3756281407035176,2.4469469469469467,0.0045701165006454,LH2_rq07
0.3801507537688441,2.4457457457457457,0.0045172929365199,LH2_rq07
0.3846733668341708,2.4443443443443447,0.0044657105107007,LH2_rq07
0.3891959798994974,2.442942942942943,0.0044153259589292,LH2_rq07
0.3937185929648241,2.4417417417417417,0.0043660980020686,LH2_rq07
0.3982412060301507,2.4403403403403403,0.004317987235585,LH2_rq07
0.4027638190954773,2.438938938938939,0.004270956027752,LH2_rq07
0.4072864321608039,2.4377377377377374,0.0042249684146413,LH2_rq07
0.4118090452261306,2.4363363363363364,0.0041799900153468,LH2_rq07
0.4163316582914572,2.435135135135135,0.0041359879412232,LH2_rq07
0.4208542713567839,2.433733733733734,0.0040929307172217,LH2_rq07
0.4253768844221105,2.4325325325325324,0.0040507882084243,LH2_rq07
0.4298994974874371,2.4311311311311314,0.0040095315453533,LH2_rq07
0.4344221105527638,2.42992992992993,0.0039691330641706,LH2_rq07
0.4389447236180904,2.4285285285285285,0.003929566237248,LH2_rq07
0.443467336683417,2.427327327327328,0.0038908056231885,LH2_rq07
0.4479899497487437,2.4259259259259256,0.003852826804001,LH2_rq07
0.4525125628140703,2.424724724724725,0.0038156063414078,LH2_rq07
0.4570351758793969,2.423323323323323,0.0037791217220213,LH2_rq07
0.4615577889447236,2.422122122122122,0.0037433513167522,LH2_rq07
0.4660804020100502,2.4207207207207206,0.003708274335332,LH2_rq07
0.4706030150753768,2.41951951951952,0.0036738707859079,LH2_rq07
0.4751256281407034,2.4183183183183186,0.0036401214400485,LH2_rq07
0.4796482412060301,2.4169169169169167,0.0036070077911936,LH2_rq07
0.4841708542713567,2.415715715715716,0.0035745120276559,LH2_rq07
0.4886934673366834,2.414314314314314,0.0035426169954488,LH2_rq07
0.49321608040201,2.4131131131131127,0.0035113061686796,LH2_rq07
0.4977386934673366,2.411911911911912,0.0034805636248163,LH2_rq07
0.5022613065326633,2.4105105105105107,0.0034503740128832,LH2_rq07
0.5067839195979899,2.409309309309309,0.0034207225294001,LH2_rq07
0.5113065326633165,2.408108108108108,0.0033915948968081,LH2_rq07
0.5158291457286431,2.4069069069069067,0.0033629773369819,LH2_rq07
0.5203517587939698,2.4055055055055057,0.0033348565495259,LH2_rq07
0.5248743718592964,2.404304304304304,0.0033072196949134,LH2_rq07
0.5293969849246231,2.403103103103103,0.0032800543713242,LH2_rq07
0.5339195979899497,2.4017017017017017,0.0032533485969896,LH2_rq07
0.5384422110552763,2.4005005005005007,0.003227090791628,LH2_rq07
0.542964824120603,2.399299299299299,0.0032012697630347,LH2_rq07
0.5474874371859296,2.3980980980980977,0.0031758746876749,LH2_rq07
0.5520100502512563,2.3968968968968967,0.0031508950967158,LH2_rq07
0.5565326633165829,2.3954954954954952,0.0031263208614922,LH2_rq07
0.5610552763819094,2.394294294294294,0.0031021421795127,LH2_rq07
0.5655778894472361,2.393093093093093,0.0030783495630948,LH2_rq07
0.5701005025125627,2.391891891891892,0.0030549338248989,LH2_rq07
0.5746231155778894,2.390690690690691,0.0030318860668199,LH2_rq07
0.579145728643216,2.3894894894894896,0.0030091976687015,LH2_rq07
0.5836683417085426,2.3882882882882885,0.0029868602775616,LH2_rq07
0.5881909547738693,2.387087087087087,0.0029648657973279,LH2_rq07
0.5927135678391959,2.385685685685686,0.0029432063787424,LH2_rq07
0.5972361809045226,2.3844844844844846,0.0029218744107974,LH2_rq07
0.6017587939698492,2.383283283283283,0.0029008625112076,LH2_rq07
0.6062814070351759,2.382082082082082,0.0028801635178401,LH2_rq07
0.6108040201005025,2.380880880880881,0.0028597704806879,LH2_rq07
0.6153266331658291,2.3796796796796795,0.0028396766540727,LH2_rq07
0.6198492462311557,2.378478478478479,0.0028198754891876,LH2_rq07
0.6243718592964823,2.377277277277277,0.0028003606269747,LH2_rq07
0.628894472361809,2.3760760760760764,0.0027811258912935,LH2_rq07
0.6334170854271356,2.374874874874875,0.0027621652823986,LH2_rq07
0.6379396984924622,2.373673673673673,0.0027434729706806,LH2_rq07
0.6424623115577889,2.3724724724724724,0.0027250432906785,LH2_rq07
0.6469849246231155,2.371271271271271,0.0027068707353519,LH2_rq07
0.6515075376884422,2.37007007007007,0.0026889499505671,LH2_rq07
0.6560301507537688,2.368868868868869,0.0026712757298382,LH2_rq07
0.6605527638190954,2.367667667667668,0.0026538430092676,LH2_rq07
0.6650753768844221,2.3666666666666667,0.0026366468624552,LH2_rq07
0.6695979899497487,2.3654654654654657,0.0026196824963983,LH2_rq07
0.6741206030150753,2.364264264264264,0.0026029452467959,LH2_rq07
0.6786432160804019,2.363063063063063,0.0025864305735446,LH2_rq07
0.6831658291457285,2.3618618618618616,0.0025701340567682,LH2_rq07
0.6876884422110552,2.3606606606606606,0.0025540513928596,LH2_rq07
0.6922110552763818,2.35945945945946,0.0025381783906828,LH2_rq07
0.6967336683417085,2.3584584584584585,0.0025225109679167,LH2_rq07
0.7012562814070351,2.357257257257257,0.0025070451468581,LH2_rq07
0.7057788944723618,2.3560560560560564,0.0024917770531166,LH2_rq07
0.7103015075376884,2.3548548548548545,0.0024767029103243,LH2_rq07
0.714824120603015,2.3536536536536534,0.002461819037682,LH2_rq07
0.7193467336683417,2.3526526526526523,0.0024471218469563,LH2_rq07
0.7238693467336683,2.3514514514514517,0.0024326078386834,LH2_rq07
0.7283919597989948,2.3502502502502503,0.002418273602073,LH2_rq07
0.7329145728643215,2.349049049049049,0.0024041158096692,LH2_rq07
0.7374371859296481,2.347847847847848,0.0023901312156437,LH2_rq07
0.7419597989949748,2.346846846846847,0.0023763166522883,LH2_rq07
0.7464824120603014,2.3456456456456456,0.002362669030614,LH2_rq07
0.7510050251256281,2.344444444444444,0.0023491853351421,LH2_rq07
0.7555276381909547,2.343443443443443,0.0023358626219891,LH2_rq07
0.7600502512562813,2.342242242242242,0.0023226980178593,LH2_rq07
0.764572864321608,2.341041041041041,0.0023096887180713,LH2_rq07
0.7690954773869346,2.34004004004004,0.0022968319828521,LH2_rq07
0.7736180904522613,2.338838838838839,0.0022841251366622,LH2_rq07
0.7781407035175879,2.3376376376376373,0.0022715655672432,LH2_rq07
0.7826633165829145,2.336636636636636,0.0022591507212071,LH2_rq07
0.7871859296482411,2.335435435435436,0.0022468781047022,LH2_rq07
0.7917085427135677,2.3342342342342346,0.0022347452813508,LH2_rq07
0.7962311557788944,2.333233233233233,0.0022227498681909,LH2_rq07
0.800753768844221,2.3320320320320325,0.002210889538628,LH2_rq07
0.8052763819095476,2.331031031031032,0.0021991620165363,LH2_rq07
0.8097989949748743,2.32982982982983,0.0021875650771255,LH2_rq07
0.8143216080402009,2.328828828828829,0.0021760965456951,LH2_rq07
0.8188442211055276,2.3276276276276278,0.0021647542939252,LH2_rq07
0.8233668341708542,2.3264264264264267,0.0021535362426886,LH2_rq07
0.8278894472361809,2.3254254254254256,0.0021424403554036,LH2_rq07
0.8324120603015075,2.324224224224224,0.0021314646427694,LH2_rq07
0.8369346733668341,2.323223223223223,0.0021206071556608,LH2_rq07
0.8414572864321607,2.322022022022022,0.0021098659893908,LH2_rq07
0.8459798994974873,2.321021021021021,0.0020992392776166,LH2_rq07
0.850502512562814,2.3198198198198194,0.0020887251960699,LH2_rq07
0.8550251256281406,2.318818818818819,0.0020783219565753,LH2_rq07
0.8595477386934672,2.3178178178178177,0.0020680278113027,LH2_rq07
0.8640703517587939,2.3166166166166167,0.0020578410460799,LH2_rq07
0.8685929648241205,2.315615615615616,0.0020477599853577,LH2_rq07
0.8731155778894472,2.3144144144144145,0.0020377829858878,LH2_rq07
0.8776381909547738,2.313413413413413,0.0020279084398971,LH2_rq07
0.8821608040201004,2.3122122122122124,0.0020181347719176,LH2_rq07
0.8866834170854271,2.311211211211211,0.0020084604382284,LH2_rq07
0.8912060301507537,2.31021021021021,0.0019988839277882,LH2_rq07
0.8957286432160803,2.3090090090090087,0.0019894037581305,LH2_rq07
0.9002512562814069,2.308008008008008,0.0019800184784307,LH2_rq07
0.9047738693467337,2.3068068068068066,0.0019707266661373,LH2_rq07
0.9092964824120602,2.305805805805805,0.0019615269260545,LH2_rq07
0.9138190954773868,2.304804804804805,0.0019524178925002,LH2_rq07
0.9183417085427136,2.3036036036036034,0.001943398225421,LH2_rq07
0.92286432160804,2.3026026026026027,0.001934466610706,LH2_rq07
0.9273869346733667,2.3016016016016017,0.0019256217612802,LH2_rq07
0.9319095477386934,2.3004004004004006,0.0019168624141642,LH2_rq07
0.93643216080402,2.2993993993993995,0.0019081873299997,LH2_rq07
0.9409547738693468,2.2983983983983984,0.0018995952950035,LH2_rq07
0.9454773869346732,2.297397397397398,0.0018910851177049,LH2_rq07
0.95,2.296196196196196,0.0018826556288685,LH2_rq07
0.05,0.4951951951951952,0.0039339310582798,LNG_rq03
0.0545226130653266,0.4945945945945946,0.0036094978760399,LNG_rq03
0.0590452261306532,0.4941941941941942,0.0033347628585617,LNG_rq03
0.0635678391959799,0.4935935935935936,0.003099118485513,LNG_rq03
0.0680904522613065,0.492992992992993,0.0028947754861763,LNG_rq03
0.0726130653266331,0.4925925925925926,0.0027158851409731,LNG_rq03
0.0771356783919598,0.491991991991992,0.0025579704248557,LNG_rq03
0.0816582914572864,0.4913913913913914,0.0024175461678038,LNG_rq03
0.086180904522613,0.490990990990991,0.0022918587465664,LNG_rq03
0.0907035175879397,0.4903903903903904,0.0021787037594514,LNG_rq03
0.0952261306532663,0.4897897897897897,0.0020762955890708,LNG_rq03
0.0997487437185929,0.4893893893893893,0.0019831724195399,LNG_rq03
0.1042713567839195,0.4887887887887888,0.0018981261033329,LNG_rq03
0.1087939698492462,0.4883883883883884,0.0018201493477924,LNG_rq03
0.1133165829145728,0.4877877877877878,0.0017483956832233,LNG_rq03
0.1178391959798994,0.4873873873873873,0.0016821485952418,LNG_rq03
0.1223618090452261,0.4867867867867868,0.0016207974782939,LNG_rq03
0.1268844221105527,0.4861861861861862,0.0015638188197242,LNG_rq03
0.1314070351758794,0.4857857857857858,0.0015107611323812,LNG_rq03
0.135929648241206,0.4851851851851851,0.0014612330644818,LNG_rq03
0.1404522613065326,0.4847847847847847,0.0014148936262538,LNG_rq03
0.1449748743718593,0.4841841841841842,0.0013714444166976,LNG_rq03
0.1494974874371859,0.4837837837837838,0.001330623108447,LNG_rq03
0.1540201005025125,0.4831831831831832,0.0012921982197959,LNG_rq03
0.1585427135678392,0.4827827827827827,0.001255964647773,LNG_rq03
0.1630653266331658,0.4823823823823824,0.0012217400797282,LNG_rq03
0.1675879396984924,0.4817817817817817,0.0011893618440478,LNG_rq03
0.1721105527638191,0.4813813813813814,0.0011586844062001,LNG_rq03
0.1766331658291457,0.4807807807807808,0.0011295771046642,LNG_rq03
0.1811557788944723,0.4803803803803804,0.0011019223484553,LNG_rq03
0.185678391959799,0.4797797797797798,0.0010756139918824,LNG_rq03
0.1902010050251256,0.4793793793793794,0.0010505559844426,LNG_rq03
0.1947236180904522,0.478978978978979,0.0010266612115416,LNG_rq03
0.1992462311557788,0.4783783783783784,0.0010038504449526,LNG_rq03
0.2037688442211055,0.477977977977978,0.0009820515163294,LNG_rq03
0.2082914572864321,0.4773773773773774,0.0009611985101191,LNG_rq03
0.2128140703517587,0.476976976976977,0.0009412311113163,LNG_rq03
0.2173366834170854,0.4765765765765766,0.0009220940399604,LNG_rq03
0.221859296482412,0.4759759759759759,0.0009037365091502,LNG_rq03
0.2263819095477386,0.4755755755755755,0.0008861117949196,LNG_rq03
0.2309045226130653,0.4751751751751751,0.0008691768409462,LNG_rq03
0.2354271356783919,0.4745745745745746,0.0008528918893403,LNG_rq03
0.2399497487437185,0.4741741741741741,0.0008372201814689,LNG_rq03
0.2444723618090452,0.4737737737737737,0.0008221276869675,LNG_rq03
0.2489949748743718,0.4731731731731731,0.0008075828418559,LNG_rq03
0.2535175879396985,0.4727727727727727,0.0007935563260564,LNG_rq03
0.2580402010050251,0.4723723723723723,0.0007800208919957,LNG_rq03
0.2625628140703517,0.4719719719719719,0.0007669511609895,LNG_rq03
0.2670854271356784,0.4713713713713714,0.0007543234719227,LNG_rq03
0.271608040201005,0.470970970970971,0.0007421157367963,LNG_rq03
0.2761306532663316,0.4705705705705706,0.0007303073246103,LNG_rq03
0.2806532663316582,0.4701701701701702,0.0007188789285547,LNG_rq03
0.2851758793969849,0.4697697697697698,0.0007078124665784,LNG_rq03
0.2896984924623115,0.4691691691691692,0.0006970909816514,LNG_rq03
0.2942211055276382,0.4687687687687688,0.0006866985662878,LNG_rq03
0.2987437185929648,0.4683683683683684,0.0006766202749238,LNG_rq03
0.3032663316582914,0.467967967967968,0.0006668420521334,LNG_rq03
0.307788944723618,0.4675675675675676,0.0006573506686081,LNG_rq03
0.3123115577889447,0.466966966966967,0.0006481336607382,LNG_rq03
0.3168341708542713,0.4665665665665665,0.0006391792745633,LNG_rq03
0.321356783919598,0.4661661661661662,0.0006304764237589,LNG_rq03
0.3258793969849246,0.4657657657657657,0.000622014634113,LNG_rq03
0.3304020100502512,0.4653653653653654,0.0006137840049165,LNG_rq03
0.3349246231155778,0.464964964964965,0.0006057751702427,LNG_rq03
0.3394472361809045,0.4645645645645645,0.0005979792633209,LNG_rq03
0.3439698492462311,0.4641641641641642,0.0005903878837222,LNG_rq03
0.3484924623115578,0.4637637637637637,0.0005829930670988,LNG_rq03
0.3530150753768843,0.4631631631631632,0.0005757872564572,LNG_rq03
0.357537688442211,0.4627627627627627,0.0005687632779379,LNG_rq03
0.3620603015075376,0.4623623623623623,0.00056191431715,LNG_rq03
0.3665829145728643,0.461961961961962,0.0005552338950163,LNG_rq03
0.3711055276381909,0.4615615615615616,0.000548715848308,LNG_rq03
0.3756281407035176,0.4611611611611612,0.0005423543106304,LNG_rq03
0.3801507537688441,0.4607607607607607,0.0005361436947664,LNG_rq03
0.3846733668341708,0.4603603603603603,0.000530078676266,LNG_rq03
0.3891959798994974,0.45995995995996,0.0005241541781767,LNG_rq03
0.3937185929648241,0.4595595595595595,0.0005183653568286,LNG_rq03
0.3982412060301507,0.4591591591591591,0.0005127075885901,LNG_rq03
0.4027638190954773,0.4587587587587587,0.0005071764575133,LNG_rq03
0.4072864321608039,0.4583583583583583,0.0005017677438031,LNG_rq03
0.4118090452261306,0.4579579579579579,0.0004964774130458,LNG_rq03
0.4163316582914572,0.4575575575575575,0.0004913016061407,LNG_rq03
0.4208542713567839,0.4571571571571571,0.0004862366298798,LNG_rq03
0.4253768844221105,0.4567567567567567,0.0004812789481294,LNG_rq03
0.4298994974874371,0.4563563563563563,0.0004764251735675,LNG_rq03
0.4344221105527638,0.4561561561561562,0.0004716720583974,LNG_rq03
0.4389447236180904,0.4557557557557558,0.0004670164915081,LNG_rq03
0.443467336683417,0.4553553553553554,0.0004624554874712,LNG_rq03
0.4479899497487437,0.4549549549549549,0.0004579861813749,LNG_rq03
0.4525125628140703,0.4545545545545545,0.0004536058228488,LNG_rq03
0.4570351758793969,0.4541541541541541,0.0004493117703965,LNG_rq03
0.4615577889447236,0.4537537537537537,0.000445101486062,LNG_rq03
0.4660804020100502,0.4533533533533533,0.0004409725304056,LNG_rq03
0.4706030150753768,0.4531531531531531,0.0004369225574494,LNG_rq03
0.4751256281407034,0.4527527527527527,0.0004329493085965,LNG_rq03
0.4796482412060301,0.4523523523523524,0.000429050615086,LNG_rq03
0.4841708542713567,0.451951951951952,0.0004252243868228,LNG_rq03
0.4886934673366834,0.4515515515515516,0.0004214686110922,LNG_rq03
0.49321608040201,0.4511511511511512,0.0004177813490107,LNG_rq03
0.4977386934673366,0.450950950950951,0.0004141607308265,LNG_rq03
0.5022613065326633,0.4505505505505506,0.0004106049544586,LNG_rq03
0.5067839195979899,0.4501501501501501,0.00040711228533,LNG_rq03
0.5113065326633165,0.4497497497497498,0.0004036810480976,LNG_rq03
0.5158291457286431,0.4493493493493494,0.0004003096261806,LNG_rq03
0.5203517587939698,0.4491491491491491,0.0003969964560011,LNG_rq03
0.5248743718592964,0.4487487487487488,0.0003937400331361,LNG_rq03
0.5293969849246231,0.4483483483483483,0.0003905389034476,LNG_rq03
0.5339195979899497,0.4479479479479479,0.0003873916611513,LNG_rq03
0.5384422110552763,0.4477477477477478,0.0003842969439771,LNG_rq03
0.542964824120603,0.4473473473473473,0.0003812534414037,LNG_rq03
0.5474874371859296,0.4469469469469469,0.0003782598844449,LNG_rq03
0.5520100502512563,0.4467467467467467,0.0003753150434962,LNG_rq03
0.5565326633165829,0.4463463463463463,0.0003724177279215,LNG_rq03
0.5610552763819094,0.4459459459459459,0.000369566791319,LNG_rq03
0.5655778894472361,0.4457457457457457,0.0003667611202174,LNG_rq03
0.5701005025125627,0.4453453453453453,0.0003639996319355,LNG_rq03
0.5746231155778894,0.4449449449449449,0.0003612812875374,LNG_rq03
0.579145728643216,0.4447447447447447,0.0003586050753222,LNG_rq03
0.5836683417085426,0.4443443443443443,0.0003559700104558,LNG_rq03
0.5881909547738693,0.4439439439439439,0.0003533751482959,LNG_rq03
0.5927135678391959,0.4437437437437437,0.000350819566382,LNG_rq03
0.5972361809045226,0.4433433433433433,0.0003483023691453,LNG_rq03
0.6017587939698492,0.4429429429429429,0.0003458226947203,LNG_rq03
0.6062814070351759,0.4427427427427427,0.0003433796989111,LNG_rq03
0.6108040201005025,0.4423423423423424,0.0003409725681407,LNG_rq03
0.6153266331658291,0.4421421421421422,0.0003386005122316,LNG_rq03
0.6198492462311557,0.4417417417417418,0.0003362627584758,LNG_rq03
0.6243718592964823,0.4413413413413414,0.0003339585662223,LNG_rq03
0.628894472361809,0.4411411411411411,0.0003316872059058,LNG_rq03
0.6334170854271356,0.4407407407407408,0.0003294479771661,LNG_rq03
0.6379396984924622,0.4405405405405406,0.0003272401943635,LNG_rq03
0.6424623115577889,0.4401401401401402,0.0003250631926703,LNG_rq03
0.6469849246231155,0.43993993993994,0.0003229163274884,LNG_rq03
0.6515075376884422,0.4395395395395396,0.000320798967847,LNG_rq03
0.6560301507537688,0.4393393393393394,0.000318710506609,LNG_rq03
0.6605527638190954,0.438938938938939,0.0003166503451528,LNG_rq03
0.6650753768844221,0.4387387387387388,0.0003146179104744,LNG_rq03
0.6695979899497487,0.4383383383383383,0.0003126126349735,LNG_rq03
0.6741206030150753,0.4381381381381382,0.0003106339766632,LNG_rq03
0.6786432160804019,0.4377377377377378,0.0003086813977711,LNG_rq03
0.6831658291457285,0.4375375375375375,0.0003067543844246,LNG_rq03
0.6876884422110552,0.4371371371371371,0.0003048524276363,LNG_rq03
0.6922110552763818,0.4369369369369369,0.0003029750389119,LNG_rq03
0.6967336683417085,0.4365365365365365,0.0003011217371203,LNG_rq03
0.7012562814070351,0.4363363363363363,0.0002992920565946,LNG_rq03
0.7057788944723618,0.4359359359359359,0.0002974855432368,LNG_rq03
0.7103015075376884,0.4357357357357357,0.0002957017518095,LNG_rq03
0.714824120603015,0.4355355355355355,0.0002939402544106,LNG_rq03
0.7193467336683417,0.4351351351351351,0.0002922006243207,LNG_rq03
0.7238693467336683,0.4349349349349349,0.0002904824565054,LNG_rq03
0.7283919597989948,0.4345345345345345,0.0002887853477988,LNG_rq03
0.7329145728643215,0.4343343343343344,0.0002871089080744,LNG_rq03
0.7374371859296481,0.4341341341341341,0.0002854527589437,LNG_rq03
0.7419597989949748,0.4337337337337337,0.0002838165239092,LNG_rq03
0.7464824120603014,0.4335335335335335,0.0002821998450464,LNG_rq03
0.7510050251256281,0.4331331331331331,0.0002806023674795,LNG_rq03
0.7555276381909547,0.4329329329329329,0.0002790237434123,LNG_rq03
0.7600502512562813,0.4327327327327327,0.0002774636392575,LNG_rq03
0.764572864321608,0.4323323323323323,0.0002759217241416,LNG_rq03
0.7690954773869346,0.4321321321321321,0.0002743976754868,LNG_rq03
0.7736180904522613,0.4319319319319319,0.0002728911821322,LNG_rq03
0.7781407035175879,0.4315315315315315,0.0002714019362041,LNG_rq03
0.7826633165829145,0.4313313313313313,0.0002699296365095,LNG_rq03
0.7871859296482411,0.4311311311311311,0.0002684739932497,LNG_rq03
0.7917085427135677,0.4309309309309309,0.0002670347204016,LNG_rq03
0.7962311557788944,0.4305305305305306,0.0002656115349087,LNG_rq03
0.800753768844221,0.4303303303303303,0.000264204167123,LNG_rq03
0.8052763819095476,0.4301301301301301,0.0002628123500772,LNG_rq03
0.8097989949748743,0.4297297297297297,0.0002614358215619,LNG_rq03
0.8143216080402009,0.4295295295295295,0.0002600743252968,LNG_rq03
0.8188442211055276,0.4293293293293293,0.0002587276138343,LNG_rq03
0.8233668341708542,0.4291291291291291,0.0002573954430019,LNG_rq03
0.8278894472361809,0.4287287287287287,0.0002560775731587,LNG_rq03
0.8324120603015075,0.4285285285285286,0.0002547737694885,LNG_rq03
0.8369346733668341,0.4283283283283283,0.0002534838054914,LNG_rq03
0.8414572864321607,0.4281281281281281,0.0002522074574896,LNG_rq03
0.8459798994974873,0.4279279279279279,0.0002509445065901,LNG_rq03
0.850502512562814,0.4275275275275275,0.0002496947371057,LNG_rq03
0.8550251256281406,0.4273273273273273,0.0002484579399565,LNG_rq03
0.8595477386934672,0.4271271271271271,0.0002472339107912,LNG_rq03
0.8640703517587939,0.4269269269269269,0.0002460224486203,LNG_rq03
0.8685929648241205,0.4267267267267267,0.0002448233566414,LNG_rq03
0.8731155778894472,0.4265265265265265,0.0002436364421308,LNG_rq03
0.8776381909547738,0.4261261261261261,0.00024246151466,LNG_rq03
0.8821608040201004,0.4259259259259259,0.0002412983909999,LNG_rq03
0.8866834170854271,0.4257257257257257,0.0002401468901712,LNG_rq03
0.8912060301507537,0.4255255255255255,0.000239006834742,LNG_rq03
0.8957286432160803,0.4253253253253253,0.0002378780508628,LNG_rq03
0.9002512562814069,0.425125125125125,0.0002367603681752,LNG_rq03
0.9047738693467337,0.4249249249249249,0.0002356536197236,LNG_rq03
0.9092964824120602,0.4247247247247247,0.0002345576418658,LNG_rq03
0.9138190954773868,0.4243243243243243,0.0002334722731124,LNG_rq03
0.9183417085427136,0.4241241241241241,0.0002323973573487,LNG_rq03
0.92286432160804,0.4239239239239238,0.0002313327403511,LNG_rq03
0.9273869346733667,0.4237237237237237,0.00023027827084,LNG_rq03
0.9319095477386934,0.4235235235235235,0.0002292338003721,LNG_rq03
0.93643216080402,0.4233233233233233,0.0002281991831991,LNG_rq03
0.9409547738693468,0.4231231231231231,0.0002271742760714,LNG_rq03
0.9454773869346732,0.4229229229229229,0.0002261589379399,LNG_rq03
0.95,0.4227227227227227,0.0002251530294551,LNG_rq03
0.05,2.7178178178178176,0.0068963697368603,LNG_rq07
0.0545226130653266,2.7144144144144144,0.0063279630206519,LNG_rq07
0.0590452261306532,2.7110110110110117,0.0058466240066341,LNG_rq07
0.0635678391959799,2.707607607607607,0.0054337690828282,LNG_rq07
0.0680904522613065,2.7042042042042045,0.005075751980754,LNG_rq07
0.0726130653266331,2.7010010010010013,0.0047623261941966,LNG_rq07
0.0771356783919598,2.697597597597597,0.0044856483049038,LNG_rq07
0.0816582914572864,2.694194194194194,0.0042396125165092,LNG_rq07
0.086180904522613,2.690990990990991,0.0040193947122511,LNG_rq07
0.0907035175879397,2.687787787787788,0.003821132929193,LNG_rq07
0.0952261306532663,2.6843843843843844,0.0036416988731801,LNG_rq07
0.0997487437185929,2.681181181181181,0.0034785315987502,LNG_rq07
0.1042713567839195,2.677977977977978,0.0033295144695761,LNG_rq07
0.1087939698492462,2.6747747747747748,0.0031928828068027,LNG_rq07
0.1133165829145728,2.6715715715715715,0.0030671536541911,LNG_rq07
0.1178391959798994,2.6683683683683683,0.0029510717162096,LNG_rq07
0.1223618090452261,2.665365365365365,0.0028435672847235,LNG_rq07
0.1268844221105527,2.6621621621621623,0.0027437231647794,LNG_rq07
0.1314070351758794,2.658958958958959,0.0026507484297442,LNG_rq07
0.135929648241206,2.655955955955956,0.0025639574134354,LNG_rq07
0.1404522613065326,2.652752752752753,0.0024827527662175,LNG_rq07
0.1449748743718593,2.6497497497497497,0.0024066116757568,LNG_rq07
0.1494974874371859,2.6467467467467465,0.0023350745962769,LNG_rq07
0.1540201005025125,2.643743743743743,0.0022677359569834,LNG_rq07
0.1585427135678392,2.640740740740741,0.0022042364646037,LNG_rq07
0.1630653266331658,2.637737737737738,0.0021442566858574,LNG_rq07
0.1675879396984924,2.6347347347347347,0.0020875116690459,LNG_rq07
0.1721105527638191,2.6317317317317315,0.0020337464136258,LNG_rq07
0.1766331658291457,2.6287287287287286,0.001982732035779,LNG_rq07
0.1811557788944723,2.625725725725726,0.0019342625083495,LNG_rq07
0.185678391959799,2.6229229229229225,0.0018881518770631,LNG_rq07
0.1902010050251256,2.61991991991992,0.0018442318736355,LNG_rq07
0.1947236180904522,2.6171171171171173,0.001802349863822,LNG_rq07
0.1992462311557788,2.614114114114114,0.0017623670698444,LNG_rq07
0.2037688442211055,2.611311311311311,0.0017241570362972,LNG_rq07
0.2082914572864321,2.6083083083083083,0.0016876042896746,LNG_rq07
0.2128140703517587,2.6055055055055054,0.0016526031720149,LNG_rq07
0.2173366834170854,2.6027027027027025,0.0016190568209453,LNG_rq07
0.221859296482412,2.5998998998999,0.0015868762717607,LNG_rq07
0.2263819095477386,2.597097097097097,0.0015559796690504,LNG_rq07
0.2309045226130653,2.5942942942942944,0.0015262915704671,LNG_rq07
0.2354271356783919,2.591491491491492,0.0014977423307463,LNG_rq07
0.2399497487437185,2.588888888888889,0.0014702675550091,LNG_rq07
0.2444723618090452,2.5860860860860857,0.0014438076139724,LNG_rq07
0.2489949748743718,2.5832832832832837,0.0014183072106382,LNG_rq07
0.2535175879396985,2.5806806806806804,0.0013937149931544,LNG_rq07
0.2580402010050251,2.577877877877878,0.0013699832107626,LNG_rq07
0.2625628140703517,2.5752752752752754,0.0013470674017514,LNG_rq07
0.2670854271356784,2.5726726726726725,0.0013249261168371,LNG_rq07
0.271608040201005,2.5698698698698696,0.0013035206666612,LNG_rq07
0.2761306532663316,2.567267267267267,0.0012828148968701,LNG_rq07
0.2806532663316582,2.5646646646646647,0.0012627749837266,LNG_rq07
0.2851758793969849,2.562062062062062,0.0012433692489188,LNG_rq07
0.2896984924623115,2.5594594594594597,0.0012245679923228,LNG_rq07
0.2942211055276382,2.556856856856857,0.0012063433399651,LNG_rq07
0.2987437185929648,2.5542542542542543,0.0011886691057933,LNG_rq07
0.3032663316582914,2.551651651651652,0.0011715206658167,LNG_rq07
0.307788944723618,2.5492492492492493,0.0011548748430391,LNG_rq07
0.3123115577889447,2.5466466466466464,0.001138709803359,LNG_rq07
0.3168341708542713,2.544044044044044,0.0011230049594063,LNG_rq07
0.321356783919598,2.541641641641642,0.0011077408820305,LNG_rq07
0.3258793969849246,2.539039039039039,0.0010928992216789,LNG_rq07
0.3304020100502512,2.5366366366366364,0.0010784626323775,LNG_rq07
0.3349246231155778,2.534234234234234,0.001064414706087,LNG_rq07
0.3394472361809045,2.5316316316316314,0.0010507399085445,LNG_rq07
0.3439698492462311,2.5292292292292293,0.0010374235224747,LNG_rq07
0.3484924623115578,2.526826826826827,0.00102445159499,LNG_rq07
0.3530150753768843,2.5244244244244243,0.001011810887948,LNG_rq07
0.357537688442211,2.522022022022022,0.000999488833028,LNG_rq07
0.3620603015075376,2.51961961961962,0.0009874734898962,LNG_rq07
0.3665829145728643,2.517217217217217,0.0009757535074676,LNG_rq07
0.3711055276381909,2.514814814814815,0.0009643180880001,LNG_rq07
0.3756281407035176,2.5126126126126125,0.0009531569537628,LNG_rq07
0.3801507537688441,2.51021021021021,0.0009422603158044,LNG_rq07
0.3846733668341708,2.5078078078078083,0.0009316188461453,LNG_rq07
0.3891959798994974,2.5056056056056057,0.0009212236500377,LNG_rq07
0.3937185929648241,2.503203203203203,0.0009110662410736,LNG_rq07
0.3982412060301507,2.501001001001001,0.0009011385191444,LNG_rq07
0.4027638190954773,2.4985985985985986,0.000891432747036,LNG_rq07
0.4072864321608039,2.4963963963963964,0.0008819415319786,LNG_rq07
0.4118090452261306,2.494194194194194,0.0008726578056263,LNG_rq07
0.4163316582914572,2.491791791791792,0.0008635748064243,LNG_rq07
0.4208542713567839,2.4895895895895896,0.0008546860640574,LNG_rq07
0.4253768844221105,2.4873873873873875,0.000845985383081,LNG_rq07
0.4298994974874371,2.485185185185185,0.00083746682875,LNG_rq07
0.4344221105527638,2.482982982982983,0.0008291247134578,LNG_rq07
0.4389447236180904,2.48078078078078,0.0008209535840194,LNG_rq07
0.443467336683417,2.478578578578579,0.0008129482096883,LNG_rq07
0.4479899497487437,2.4763763763763764,0.00080510357095,LNG_rq07
0.4525125628140703,2.4743743743743747,0.0007974148489745,LNG_rq07
0.4570351758793969,2.472172172172172,0.0007898774153635,LNG_rq07
0.4615577889447236,2.46996996996997,0.0007824868236818,LNG_rq07
0.4660804020100502,2.467967967967968,0.0007752387997926,LNG_rq07
0.4706030150753768,2.4657657657657657,0.0007681292334882,LNG_rq07
0.4751256281407034,2.463763763763764,0.0007611541718701,LNG_rq07
0.4796482412060301,2.461561561561562,0.000754309810128,LNG_rq07
0.4841708542713567,2.459559559559559,0.0007475924865694,LNG_rq07
0.4886934673366834,2.457357357357357,0.000740998674394,LNG_rq07
0.49321608040201,2.4553553553553558,0.0007345249762949,LNG_rq07
0.4977386934673366,2.4533533533533536,0.000728168118649,LNG_rq07
0.5022613065326633,2.4513513513513514,0.0007219249455456,LNG_rq07
0.5067839195979899,2.449349349349349,0.0007157924137426,LNG_rq07
0.5113065326633165,2.4473473473473475,0.000709767587666,LNG_rq07
0.5158291457286431,2.4453453453453453,0.0007038476346941,LNG_rq07
0.5203517587939698,2.443343343343344,0.0006980298206893,LNG_rq07
0.5248743718592964,2.441341341341341,0.0006923115057479,LNG_rq07
0.5293969849246231,2.439339339339339,0.0006866901401763,LNG_rq07
0.5339195979899497,2.437337337337337,0.0006811632606884,LNG_rq07
0.5384422110552763,2.4353353353353357,0.0006757284867501,LNG_rq07
0.542964824120603,2.433533533533533,0.0006703835169663,LNG_rq07
0.5474874371859296,2.431531531531532,0.0006651261261504,LNG_rq07
0.5520100502512563,2.4295295295295296,0.0006599541621969,LNG_rq07
0.5565326633165829,2.427727727727728,0.0006548655423865,LNG_rq07
0.5610552763819094,2.4257257257257256,0.0006498582519308,LNG_rq07
0.5655778894472361,2.423923923923924,0.0006449303396485,LNG_rq07
0.5701005025125627,2.422122122122122,0.0006400799170529,LNG_rq07
0.5746231155778894,2.4201201201201203,0.0006353051545325,LNG_rq07
0.579145728643216,2.4183183183183186,0.0006306042798124,LNG_rq07
0.5836683417085426,2.4165165165165163,0.0006259755756832,LNG_rq07
0.5881909547738693,2.4147147147147145,0.000621417377564,LNG_rq07
0.5927135678391959,2.4129129129129128,0.0006169280717253,LNG_rq07
0.5972361809045226,2.410910910910911,0.0006125060932833,LNG_rq07
0.6017587939698492,2.409109109109109,0.0006081499244094,LNG_rq07
0.6062814070351759,2.4075075075075074,0.0006038580926278,LNG_rq07
0.6108040201005025,2.4057057057057056,0.0005996291689423,LNG_rq07
0.6153266331658291,2.403903903903904,0.0005954617664811,LNG_rq07
0.6198492462311557,2.402102102102102,0.0005913545388105,LNG_rq07
0.6243718592964823,2.4003003003003003,0.0005873061785165,LNG_rq07
0.628894472361809,2.3984984984984985,0.0005833154157914,LNG_rq07
0.6334170854271356,2.3968968968968967,0.0005793810169132,LNG_rq07
0.6379396984924622,2.395095095095095,0.0005755017833575,LNG_rq07
0.6424623115577889,2.393293293293293,0.0005716765504331,LNG_rq07
0.6469849246231155,2.391691691691692,0.0005679041854857,LNG_rq07
0.6515075376884422,2.38988988988989,0.0005641835880932,LNG_rq07
0.6560301507537688,2.3882882882882885,0.0005605136873473,LNG_rq07
0.6605527638190954,2.3866866866866867,0.0005568934424116,LNG_rq07
0.6650753768844221,2.384884884884885,0.0005533218401971,LNG_rq07
0.6695979899497487,2.383283283283283,0.0005497978952302,LNG_rq07
0.6741206030150753,2.3816816816816817,0.0005463206485364,LNG_rq07
0.6786432160804019,2.38008008008008,0.0005428891665743,LNG_rq07
0.6831658291457285,2.3782782782782785,0.0005395025404493,LNG_rq07
0.6876884422110552,2.376676676676677,0.0005361598853185,LNG_rq07
0.6922110552763818,2.3750750750750758,0.0005328603394506,LNG_rq07
0.6967336683417085,2.373473473473473,0.0005296030634413,LNG_rq07
0.7012562814070351,2.371871871871872,0.0005263872395387,LNG_rq07
0.7057788944723618,2.3702702702702703,0.0005232120709514,LNG_rq07
0.7103015075376884,2.368668668668669,0.0005200767811868,LNG_rq07
0.714824120603015,2.3672672672672674,0.0005169806132989,LNG_rq07
0.7193467336683417,2.365665665665666,0.000513922829504,LNG_rq07
0.7238693467336683,2.364064064064064,0.0005109027104705,LNG_rq07
0.7283919597989948,2.3624624624624624,0.0005079195546954,LNG_rq07
0.7329145728643215,2.361061061061061,0.0005049726777923,LNG_rq07
0.7374371859296481,2.35945945945946,0.0005020614124433,LNG_rq07
0.7419597989949748,2.358058058058058,0.0004991851075357,LNG_rq07
0.7464824120603014,2.3564564564564563,0.0004963431274693,LNG_rq07
0.7510050251256281,2.3550550550550557,0.000493534852411,LNG_rq07
0.7555276381909547,2.353453453453453,0.0004907596768659,LNG_rq07
0.7600502512562813,2.352052052052052,0.0004880170101631,LNG_rq07
0.764572864321608,2.35045045045045,0.0004853062754239,LNG_rq07
0.7690954773869346,2.349049049049049,0.0004826269091604,LNG_rq07
0.7736180904522613,2.347647647647648,0.0004799783614267,LNG_rq07
0.7781407035175879,2.3462462462462463,0.0004773600948436,LNG_rq07
0.7826633165829145,2.3448448448448445,0.0004747715844544,LNG_rq07
0.7871859296482411,2.343243243243243,0.0004722123173014,LNG_rq07
0.7917085427135677,2.3418418418418416,0.0004696817922824,LNG_rq07
0.7962311557788944,2.34044044044044,0.0004671795196376,LNG_rq07
0.800753768844221,2.3390390390390388,0.0004647050206445,LNG_rq07
0.8052763819095476,2.3376376376376373,0.0004622578273369,LNG_rq07
0.8097989949748743,2.336236236236236,0.0004598374822013,LNG_rq07
0.8143216080402009,2.3350350350350357,0.0004574435378072,LNG_rq07
0.8188442211055276,2.333633633633634,0.0004550755567175,LNG_rq07
0.8233668341708542,2.3322322322322324,0.0004527331111021,LNG_rq07
0.8278894472361809,2.3308308308308305,0.0004504157824564,LNG_rq07
0.8324120603015075,2.329629629629629,0.0004481231613011,LNG_rq07
0.8369346733668341,2.328228228228228,0.0004458548469606,LNG_rq07
0.8414572864321607,2.3268268268268266,0.0004436104476468,LNG_rq07
0.8459798994974873,2.3256256256256256,0.0004413895795884,LNG_rq07
0.850502512562814,2.324224224224224,0.0004391918674428,LNG_rq07
0.8550251256281406,2.323023023023023,0.0004370169436561,LNG_rq07
0.8595477386934672,2.3216216216216217,0.0004348644485019,LNG_rq07
0.8640703517587939,2.32042042042042,0.0004327340296339,LNG_rq07
0.8685929648241205,2.319219219219219,0.0004306253423052,LNG_rq07
0.8731155778894472,2.3178178178178177,0.0004285380485586,LNG_rq07
0.8776381909547738,2.3166166166166167,0.0004264718176708,LNG_rq07
0.8821608040201004,2.315415415415416,0.0004244263256536,LNG_rq07
0.8866834170854271,2.314214214214214,0.0004224012550618,LNG_rq07
0.8912060301507537,2.3128128128128127,0.0004203962948572,LNG_rq07
0.8957286432160803,2.311611611611611,0.000418411140319,LNG_rq07
0.9002512562814069,2.31041041041041,0.0004164454929158,LNG_rq07
0.9047738693467337,2.309209209209209,0.0004144990600199,LNG_rq07
0.9092964824120602,2.308008008008008,0.0004125715548253,LNG_rq07
0.9138190954773868,2.3068068068068066,0.0004106626962033,LNG_rq07
0.9183417085427136,2.3056056056056056,0.0004087722085631,LNG_rq07
0.92286432160804,2.3046046046046045,0.0004068998216738,LNG_rq07
0.9273869346733667,2.3034034034034034,0.0004050452705798,LNG_rq07
0.9319095477386934,2.3022022022022024,0.000403208295558,LNG_rq07
0.93643216080402,2.3010010010010014,0.0004013886418506,LNG_rq07
0.9409547738693468,2.3000000000000003,0.0003995860595855,LNG_rq07
0.9454773869346732,2.298798798798799,0.0003978003034806,LNG_rq07
0.95,2.2975975975975977,0.0003960311333135,LNG_rq07
0.05,0.4903903903903904,0.0497737189518292,LAES_rq03
0.0545226130653266,0.4897897897897898,0.0456691734135543,LAES_rq03
0.0590452261306532,0.4891891891891892,0.0421933571199833,LAES_rq03
0.0635678391959799,0.4887887887887888,0.0392120746977727,LAES_rq03
0.0680904522613065,0.4881881881881882,0.0366267847722657,LAES_rq03
0.0726130653266331,0.4875875875875876,0.0343634959045534,LAES_rq03
0.0771356783919598,0.4871871871871872,0.0323655692198427,LAES_rq03
0.0816582914572864,0.4865865865865866,0.0305889142428951,LAES_rq03
0.086180904522613,0.4861861861861862,0.0289986952337182,LAES_rq03
0.0907035175879397,0.4855855855855855,0.0275670242187734,LAES_rq03
0.0952261306532663,0.484984984984985,0.0262713116372861,LAES_rq03
0.0997487437185929,0.4845845845845846,0.0250930641465673,LAES_rq03
0.1042713567839195,0.4839839839839839,0.0240169975492899,LAES_rq03
0.1087939698492462,0.4835835835835835,0.0230303686014467,LAES_rq03
0.1133165829145728,0.4829829829829829,0.0221224688080112,LAES_rq03
0.1178391959798994,0.4825825825825825,0.021284233394178,LAES_rq03
0.1223618090452261,0.4819819819819819,0.0205079379102262,LAES_rq03
0.1268844221105527,0.4815815815815816,0.0197869590911944,LAES_rq03
0.1314070351758794,0.480980980980981,0.0191155856103558,LAES_rq03
0.135929648241206,0.4805805805805806,0.0184888660681276,LAES_rq03
0.1404522613065326,0.47997997997998,0.017902487063377,LAES_rq03
0.1449748743718593,0.4795795795795796,0.0173526730790015,LAES_rq03
0.1494974874371859,0.4791791791791792,0.0168361059024935,LAES_rq03
0.1540201005025125,0.4785785785785785,0.0163498566231406,LAES_rq03
0.1585427135678392,0.4781781781781781,0.0158913308851588,LAES_rq03
0.1630653266331658,0.4775775775775775,0.0154582219866429,LAES_rq03
0.1675879396984924,0.4771771771771771,0.0150484721420071,LAES_rq03
0.1721105527638191,0.4767767767767767,0.0146602401087893,LAES_rq03
0.1766331658291457,0.4761761761761762,0.0142918729680933,LAES_rq03
0.1811557788944723,0.4757757757757758,0.0139418829735575,LAES_rq03
0.185678391959799,0.4753753753753754,0.0136089274035312,LAES_rq03
0.1902010050251256,0.4747747747747748,0.0132917910824947,LAES_rq03
0.1947236180904522,0.4743743743743744,0.0129893718030127,LAES_rq03
0.1992462311557788,0.4739739739739739,0.0127006675129972,LAES_rq03
0.2037688442211055,0.4733733733733734,0.0124247650368321,LAES_rq03
0.2082914572864321,0.4729729729729729,0.012160830402107,LAES_rq03
0.2128140703517587,0.4725725725725725,0.0119081007630418,LAES_rq03
0.2173366834170854,0.4721721721721721,0.0116658766506352,LAES_rq03
0.221859296482412,0.4715715715715715,0.0114335156277898,LAES_rq03
0.2263819095477386,0.4711711711711711,0.0112104265057165,LAES_rq03
0.2309045226130653,0.4707707707707707,0.0109960646010121,LAES_rq03
0.2354271356783919,0.4703703703703704,0.0107899269883256,LAES_rq03
0.2399497487437185,0.46996996996997,0.0105915486592387,LAES_rq03
0.2444723618090452,0.4695695695695696,0.0104004990147445,LAES_rq03
0.2489949748743718,0.468968968968969,0.0102163786744274,LAES_rq03
0.2535175879396985,0.4685685685685686,0.0100388168891487,LAES_rq03
0.2580402010050251,0.4681681681681682,0.0098674688369479,LAES_rq03
0.2625628140703517,0.4677677677677678,0.0097020134523659,LAES_rq03
0.2670854271356784,0.4673673673673673,0.0095421514166654,LAES_rq03
0.271608040201005,0.466966966966967,0.0093876033470154,LAES_rq03
0.2761306532663316,0.4665665665665665,0.0092381081641588,LAES_rq03
0.2806532663316582,0.4659659659659659,0.0090934216098209,LAES_rq03
0.2851758793969849,0.4655655655655655,0.0089533149134167,LAES_rq03
0.2896984924623115,0.4651651651651651,0.0088175736296097,LAES_rq03
0.2942211055276382,0.4647647647647648,0.0086859964735544,LAES_rq03
0.2987437185929648,0.4643643643643644,0.0085583943490792,LAES_rq03
0.3032663316582914,0.463963963963964,0.0084345894400141,LAES_rq03
0.307788944723618,0.4635635635635636,0.0083144143813112,LAES_rq03
0.3123115577889447,0.4631631631631632,0.0081977115023776,LAES_rq03
0.3168341708542713,0.4627627627627628,0.008084332135185,LAES_rq03
0.321356783919598,0.4623623623623624,0.0079741359807652,LAES_rq03
0.3258793969849246,0.4619619619619619,0.0078669905284403,LAES_rq03
0.3304020100502512,0.4615615615615615,0.0077627705228532,LAES_rq03
0.3349246231155778,0.4611611611611611,0.0076613574740644,LAES_rq03
0.3394472361809045,0.4607607607607607,0.007562639206845,LAES_rq03
0.3439698492462311,0.4603603603603603,0.0074665094455936,LAES_rq03
0.3484924623115578,0.4599599599599599,0.0073728674314792,LAES_rq03
0.3530150753768843,0.4595595595595595,0.0072816175690606,LAES_rq03
0.357537688442211,0.4591591591591591,0.0071926690997188,LAES_rq03
0.3620603015075376,0.4589589589589589,0.0071059357858001,LAES_rq03
0.3665829145728643,0.4585585585585585,0.0070213356580294,LAES_rq03
0.3711055276381909,0.4581581581581581,0.0069387907552848,LAES_rq03
0.3756281407035176,0.4577577577577578,0.0068582268597044,LAES_rq03
0.3801507537688441,0.4573573573573573,0.0067795732852166,LAES_rq03
0.3846733668341708,0.4569569569569569,0.0067027626699145,LAES_rq03
0.3891959798994974,0.4565565565565565,0.0066277307829832,LAES_rq03
0.3937185929648241,0.4561561561561562,0.0065544163447971,LAES_rq03
0.3982412060301507,0.4559559559559559,0.0064827608417838,LAES_rq03
0.4027638190954773,0.4555555555555555,0.0064127083947167,LAES_rq03
0.4072864321608039,0.4551551551551551,0.0063442056430562,LAES_rq03
0.4118090452261306,0.4547547547547548,0.006277201544938,LAES_rq03
0.4163316582914572,0.4543543543543543,0.0062116472763375,LAES_rq03
0.4208542713567839,0.453953953953954,0.0061474961118561,LAES_rq03
0.4253768844221105,0.4537537537537537,0.0060847032600991,LAES_rq03
0.4298994974874371,0.4533533533533533,0.0060232259148956,LAES_rq03
0.4344221105527638,0.4529529529529529,0.0059630230075127,LAES_rq03
0.4389447236180904,0.4525525525525525,0.0059040551595621,LAES_rq03
0.443467336683417,0.4523523523523524,0.005846284564558,LAES_rq03
0.4479899497487437,0.451951951951952,0.0057896749808231,LAES_rq03
0.4525125628140703,0.4515515515515516,0.0057341916387792,LAES_rq03
0.4570351758793969,0.4511511511511512,0.0056798011180352,LAES_rq03
0.4615577889447236,0.450950950950951,0.0056264712579233,LAES_rq03
0.4660804020100502,0.4505505505505505,0.0055741712247079,LAES_rq03
0.4706030150753768,0.4501501501501501,0.0055228713592631,LAES_rq03
0.4751256281407034,0.4499499499499499,0.0054725430915684,LAES_rq03
0.4796482412060301,0.4495495495495495,0.0054231589206472,LAES_rq03
0.4841708542713567,0.4491491491491491,0.0053746924529765,LAES_rq03
0.4886934673366834,0.4489489489489489,0.0053271182099447,LAES_rq03
0.49321608040201,0.4485485485485485,0.0052804116069772,LAES_rq03
0.4977386934673366,0.4481481481481481,0.0052345490687154,LAES_rq03
0.5022613065326633,0.4479479479479479,0.0051895077860173,LAES_rq03
0.5067839195979899,0.4475475475475475,0.0051452657422882,LAES_rq03
0.5113065326633165,0.4471471471471471,0.0051018018007916,LAES_rq03
0.5158291457286431,0.4469469469469469,0.0050590954633827,LAES_rq03
0.5203517587939698,0.4465465465465466,0.0050171269887137,LAES_rq03
0.5248743718592964,0.4461461461461461,0.0049758773551674,LAES_rq03
0.5293969849246231,0.4459459459459459,0.0049353280696148,LAES_rq03
0.5339195979899497,0.4455455455455455,0.0048954614190626,LAES_rq03
0.5384422110552763,0.4453453453453453,0.0048562601780017,LAES_rq03
0.542964824120603,0.4449449449449449,0.004817707721965,LAES_rq03
0.5474874371859296,0.4447447447447447,0.004779788021496,LAES_rq03
0.5520100502512563,0.4443443443443444,0.004742485461254,LAES_rq03
0.5565326633165829,0.443943943943944,0.0047057850878319,LAES_rq03
0.5610552763819094,0.4437437437437437,0.0046696722690343,LAES_rq03
0.5655778894472361,0.4433433433433433,0.0046341329836871,LAES_rq03
0.5701005025125627,0.4431431431431431,0.0045991535430192,LAES_rq03
0.5746231155778894,0.4427427427427428,0.0045647207682341,LAES_rq03
0.579145728643216,0.4425425425425425,0.004530821840107,LAES_rq03
0.5836683417085426,0.4421421421421421,0.0044974443681397,LAES_rq03
0.5881909547738693,0.441941941941942,0.0044645763259228,LAES_rq03
0.5927135678391959,0.4415415415415415,0.004432206062665,LAES_rq03
0.5972361809045226,0.4413413413413413,0.0044003222743627,LAES_rq03
0.6017587939698492,0.440940940940941,0.0043689140062348,LAES_rq03
0.6062814070351759,0.4407407407407407,0.004337970611954,LAES_rq03
0.6108040201005025,0.4403403403403403,0.0043074817934253,LAES_rq03
0.6153266331658291,0.4401401401401401,0.004277437502394,LAES_rq03
0.6198492462311557,0.4397397397397398,0.0042478280620308,LAES_rq03
0.6243718592964823,0.4395395395395396,0.0042186439672001,LAES_rq03
0.628894472361809,0.4393393393393394,0.004189876121007,LAES_rq03
0.6334170854271356,0.438938938938939,0.0041615155388658,LAES_rq03
0.6379396984924622,0.4387387387387387,0.0041335536290522,LAES_rq03
0.6424623115577889,0.4383383383383384,0.004105981943316,LAES_rq03
0.6469849246231155,0.4381381381381382,0.0040787923111382,LAES_rq03
0.6515075376884422,0.4377377377377378,0.0040519768088143,LAES_rq03
0.6560301507537688,0.4375375375375376,0.0040255276451921,LAES_rq03
0.6605527638190954,0.4373373373373374,0.0039994373674588,LAES_rq03
0.6650753768844221,0.4369369369369369,0.0039736986189554,LAES_rq03
0.6695979899497487,0.4367367367367367,0.0039483042913727,LAES_rq03
0.6741206030150753,0.4365365365365365,0.0039232474880218,LAES_rq03
0.6786432160804019,0.4361361361361361,0.0038985214055973,LAES_rq03
0.6831658291457285,0.4359359359359359,0.0038741195346504,LAES_rq03
0.6876884422110552,0.4355355355355355,0.0038500354827775,LAES_rq03
0.6922110552763818,0.4353353353353353,0.003826262976505,LAES_rq03
0.6967336683417085,0.4351351351351351,0.0038027960092387,LAES_rq03
0.7012562814070351,0.4347347347347347,0.0037796286647525,LAES_rq03
0.7057788944723618,0.4345345345345345,0.0037567551480098,LAES_rq03
0.7103015075376884,0.4343343343343344,0.00373416989996,LAES_rq03
0.714824120603015,0.4339339339339339,0.0037118674522261,LAES_rq03
0.7193467336683417,0.4337337337337337,0.0036898424239314,LAES_rq03
0.7238693467336683,0.4335335335335335,0.0036680896723429,LAES_rq03
0.7283919597989948,0.4333333333333333,0.0036466041298875,LAES_rq03
0.7329145728643215,0.4329329329329329,0.0036253808212416,LAES_rq03
0.7374371859296481,0.4327327327327327,0.0036044149429044,LAES_rq03
0.7419597989949748,0.4325325325325325,0.0035837018077168,LAES_rq03
0.7464824120603014,0.4321321321321321,0.0035632368237875,LAES_rq03
0.7510050251256281,0.4319319319319319,0.003543015471892,LAES_rq03
0.7555276381909547,0.4317317317317317,0.0035230334235826,LAES_rq03
0.7600502512562813,0.4315315315315315,0.0035032864108835,LAES_rq03
0.764572864321608,0.4311311311311311,0.0034837702632695,LAES_rq03
0.7690954773869346,0.4309309309309309,0.0034644808794475,LAES_rq03
0.7736180904522613,0.4307307307307307,0.003445414322725,LAES_rq03
0.7781407035175879,0.4305305305305305,0.003426566711585,LAES_rq03
0.7826633165829145,0.4303303303303303,0.0034079342542155,LAES_rq03
0.7871859296482411,0.4299299299299299,0.0033895132223896,LAES_rq03
0.7917085427135677,0.4297297297297297,0.0033713000096739,LAES_rq03
0.7962311557788944,0.4295295295295295,0.0033532910894529,LAES_rq03
0.800753768844221,0.4293293293293293,0.003335483003809,LAES_rq03
0.8052763819095476,0.4291291291291291,0.0033178723724959,LAES_rq03
0.8097989949748743,0.4287287287287287,0.0033004558720774,LAES_rq03
0.8143216080402009,0.4285285285285285,0.0032832302805188,LAES_rq03
0.8188442211055276,0.4283283283283283,0.0032661924484091,LAES_rq03
0.8233668341708542,0.4281281281281281,0.0032493392851833,LAES_rq03
0.8278894472361809,0.4279279279279279,0.0032326677677977,LAES_rq03
0.8324120603015075,0.4277277277277277,0.0032161749388965,LAES_rq03
0.8369346733668341,0.4273273273273273,0.0031998578910448,LAES_rq03
0.8414572864321607,0.4271271271271271,0.0031837137989837,LAES_rq03
0.8459798994974873,0.4269269269269269,0.0031677399010684,LAES_rq03
0.850502512562814,0.4267267267267267,0.0031519334854902,LAES_rq03
0.8550251256281406,0.4265265265265265,0.0031362918978071,LAES_rq03
0.8595477386934672,0.4263263263263263,0.0031208125394321,LAES_rq03
0.8640703517587939,0.4261261261261261,0.0031054928661742,LAES_rq03
0.8685929648241205,0.4259259259259259,0.0030903303868206,LAES_rq03
0.8731155778894472,0.4255255255255255,0.0030753226520435,LAES_rq03
0.8776381909547738,0.4253253253253253,0.0030604672774644,LAES_rq03
0.8821608040201004,0.4251251251251251,0.0030457619284659,LAES_rq03
0.8866834170854271,0.4249249249249249,0.0030312043124335,LAES_rq03
0.8912060301507537,0.4247247247247247,0.0030167921832812,LAES_rq03
0.8957286432160803,0.4245245245245245,0.0030025233402764,LAES_rq03
0.9002512562814069,0.4243243243243243,0.0029883956269016,LAES_rq03
0.9047738693467337,0.4241241241241241,0.0029744069297472,LAES_rq03
0.9092964824120602,0.4239239239239239,0.002960555177439,LAES_rq03
0.9138190954773868,0.4237237237237237,0.0029468383395952,LAES_rq03
0.9183417085427136,0.4235235235235235,0.0029332544258098,LAES_rq03
0.92286432160804,0.4233233233233233,0.0029198014846613,LAES_rq03
0.9273869346733667,0.4231231231231231,0.0029064776027395,LAES_rq03
0.9319095477386934,0.4229229229229229,0.0028932809036761,LAES_rq03
0.93643216080402,0.4227227227227226,0.0028802095471583,LAES_rq03
0.9409547738693468,0.4225225225225225,0.0028672617278778,LAES_rq03
0.9454773869346732,0.4223223223223223,0.0028544356743127,LAES_rq03
0.95,0.4221221221221221,0.0028417296471213,LAES_rq03
0.05,2.665165165165165,0.0875623311728993,LAES_rq07
0.0545226130653266,2.6621621621621623,0.0803418565086459,LAES_rq07
0.0590452261306532,2.659359359359359,0.0742274021242985,LAES_rq07
0.0635678391959799,2.656356356356356,0.06898290077705,LAES_rq07
0.0680904522613065,2.6535535535535537,0.0644350041947834,LAES_rq07
0.0726130653266331,2.650550550550551,0.0604535511787346,LAES_rq07
0.0771356783919598,2.647747747747748,0.0569389069857815,LAES_rq07
0.0816582914572864,2.6447447447447447,0.0538135097576382,LAES_rq07
0.086180904522613,2.641941941941942,0.051016078855771,LAES_rq07
0.0907035175879397,2.639139139139139,0.0484975558226466,LAES_rq07
0.0952261306532663,2.636336336336336,0.0462182020037643,LAES_rq07
0.0997487437185929,2.6335335335335337,0.0441454857541724,LAES_rq07
0.1042713567839195,2.630730730730731,0.0422525194731004,LAES_rq07
0.1087939698492462,2.627927927927928,0.04051688647661,LAES_rq07
0.1133165829145728,2.625125125125125,0.0389197487969296,LAES_rq07
0.1178391959798994,2.622322322322322,0.0374451604355173,LAES_rq07
0.1223618090452261,2.6197197197197197,0.036079532898053,LAES_rq07
0.1268844221105527,2.616916916916917,0.0348112150824704,LAES_rq07
0.1314070351758794,2.6143143143143144,0.0336301598452713,LAES_rq07
0.135929648241206,2.6115115115115115,0.0325276571879212,LAES_rq07
0.1404522613065326,2.608908908908909,0.0314961189715595,LAES_rq07
0.1449748743718593,2.6063063063063066,0.0305289039358034,LAES_rq07
0.1494974874371859,2.603503503503504,0.0296201744549325,LAES_rq07
0.1540201005025125,2.600900900900901,0.0287647785707527,LAES_rq07
0.1585427135678392,2.5982982982982983,0.0279581521869678,LAES_rq07
0.1630653266331658,2.595695695695696,0.0271962375435027,LAES_rq07
0.1675879396984924,2.5930930930930933,0.0264754148995491,LAES_rq07
0.1721105527638191,2.5904904904904904,0.0257924449828269,LAES_rq07
0.1766331658291457,2.587887887887888,0.0251444202813107,LAES_rq07
0.1811557788944723,2.5854854854854854,0.024528723626461,LAES_rq07
0.185678391959799,2.5828828828828825,0.0239429928401542,LAES_rq07
0.1902010050251256,2.5802802802802804,0.0233850904210037,LAES_rq07
0.1947236180904522,2.577877877877878,0.0228530774375528,LAES_rq07
0.1992462311557788,2.5752752752752754,0.0223451910086741,LAES_rq07
0.2037688442211055,2.572872872872873,0.0218598247582109,LAES_rq07
0.2082914572864321,2.57027027027027,0.0213955118279349,LAES_rq07
0.2128140703517587,2.567867867867868,0.0209509100424248,LAES_rq07
0.2173366834170854,2.5654654654654654,0.020524788956998,LAES_rq07
0.221859296482412,2.5630630630630638,0.0201160184494391,LAES_rq07
0.2263819095477386,2.560660660660661,0.0197235587069531,LAES_rq07
0.2309045226130653,2.558058058058058,0.0193464513812416,LAES_rq07
0.2354271356783919,2.555655655655656,0.0189838117654502,LAES_rq07
0.2399497487437185,2.553453453453453,0.0186348218524247,LAES_rq07
0.2444723618090452,2.5510510510510507,0.0182987241644034,LAES_rq07
0.2489949748743718,2.5486486486486486,0.0179748162586991,LAES_rq07
0.2535175879396985,2.5462462462462465,0.0176624458167256,LAES_rq07
0.2580402010050251,2.543843843843844,0.0173610062519007,LAES_rq07
0.2625628140703517,2.541641641641642,0.0170699327657058,LAES_rq07
0.2670854271356784,2.5392392392392398,0.0167886988209801,LAES_rq07
0.271608040201005,2.5370370370370368,0.0165168129498762,LAES_rq07
0.2761306532663316,2.5346346346346347,0.0162538158753745,LAES_rq07
0.2806532663316582,2.532432432432432,0.0159992779339425,LAES_rq07
0.2851758793969849,2.53003003003003,0.0157527967115179,LAES_rq07
0.2896984924623115,2.5278278278278274,0.0155139949219697,LAES_rq07
0.2942211055276382,2.5256256256256258,0.0152825184828513,LAES_rq07
0.2987437185929648,2.523423423423424,0.015058034748262,LAES_rq07
0.3032663316582914,2.521221221221221,0.0148402309151698,LAES_rq07
0.307788944723618,2.5188188188188185,0.0146288125645467,LAES_rq07
0.3123115577889447,2.5166166166166164,0.0144235023339979,LAES_rq07
0.3168341708542713,2.5144144144144143,0.0142240386965031,LAES_rq07
0.321356783919598,2.512412412412412,0.0140301748458184,LAES_rq07
0.3258793969849246,2.5102102102102104,0.013841677676825,LAES_rq07
0.3304020100502512,2.5080080080080083,0.013658326848824,LAES_rq07
0.3349246231155778,2.5058058058058057,0.0134799139217242,LAES_rq07
0.3394472361809045,2.503603603603604,0.0133062415639085,LAES_rq07
0.3439698492462311,2.501601601601602,0.0131371228161806,LAES_rq07
0.3484924623115578,2.4993993993993997,0.0129723804339199,LAES_rq07
0.3530150753768843,2.497397397397397,0.0128118462491043,LAES_rq07
0.357537688442211,2.495195195195195,0.0126553606023085,LAES_rq07
0.3620603015075376,2.4931931931931937,0.0125027718143177,LAES_rq07
0.3665829145728643,2.490990990990991,0.0123539356891005,LAES_rq07
0.3711055276381909,2.488988988988989,0.0122087150570724,LAES_rq07
0.3756281407035176,2.486986986986987,0.0120669793607807,LAES_rq07
0.3801507537688441,2.484984984984985,0.0119286042511874,LAES_rq07
0.3846733668341708,2.482782782782783,0.0117934712246388,LAES_rq07
0.3891959798994974,2.4807807807807807,0.0116614672905627,LAES_rq07
0.3937185929648241,2.4787787787787785,0.0115324846480687,LAES_rq07
0.3982412060301507,2.4767767767767763,0.0114064203925037,LAES_rq07
0.4027638190954773,2.4747747747747746,0.011283176241186,LAES_rq07
0.4072864321608039,2.472772772772773,0.0111626582767488,LAES_rq07
0.4118090452261306,2.4707707707707707,0.0110447767075259,LAES_rq07
0.4163316582914572,2.468768768768769,0.0109294456433304,LAES_rq07
0.4208542713567839,2.4669669669669667,0.0108165828828407,LAES_rq07
0.4253768844221105,2.464964964964965,0.0107061097256644,LAES_rq07
0.4298994974874371,2.462962962962963,0.0105979507812867,LAES_rq07
0.4344221105527638,2.461161161161161,0.0104920337964501,LAES_rq07
0.4389447236180904,2.4591591591591597,0.0103882894950766,LAES_rq07
0.443467336683417,2.457157157157157,0.0102866514329311,LAES_rq07
0.4479899497487437,2.4553553553553558,0.0101870558382979,LAES_rq07
0.4525125628140703,2.453553553553553,0.0100894415015051,LAES_rq07
0.4570351758793969,2.451551551551552,0.0099937496220739,LAES_rq07
0.4615577889447236,2.4497497497497496,0.009899923716226,LAES_rq07
0.4660804020100502,2.447747747747748,0.0098079094851908,LAES_rq07
0.4706030150753768,2.4459459459459456,0.0097176547169688,LAES_rq07
0.4751256281407034,2.444144144144144,0.0096291091923187,LAES_rq07
0.4796482412060301,2.442342342342342,0.0095422245827082,LAES_rq07
0.4841708542713567,2.4405405405405407,0.0094569543652486,LAES_rq07
0.4886934673366834,2.438538538538539,0.0093732537390905,LAES_rq07
0.49321608040201,2.4367367367367367,0.0092910795462144,LAES_rq07
0.4977386934673366,2.434934934934935,0.0092103901987623,LAES_rq07
0.5022613065326633,2.433133133133133,0.0091311456055644,LAES_rq07
0.5067839195979899,2.431531531531532,0.0090533071058615,LAES_rq07
0.5113065326633165,2.4297297297297296,0.0089768374069789,LAES_rq07
0.5158291457286431,2.427927927927928,0.0089017005248407,LAES_rq07
0.5203517587939698,2.426126126126126,0.0088278617259229,LAES_rq07
0.5248743718592964,2.424324324324324,0.0087552874737894,LAES_rq07
0.5293969849246231,2.4227227227227224,0.0086839453766962,LAES_rq07
0.5339195979899497,2.420920920920921,0.0086138041396788,LAES_rq07
0.5384422110552763,2.4191191191191197,0.0085448335236457,LAES_rq07
0.542964824120603,2.417517517517517,0.0084770042914219,LAES_rq07
0.5474874371859296,2.415715715715716,0.0084102881748177,LAES_rq07
0.5520100502512563,2.4141141141141143,0.008344657831873,LAES_rq07
0.5565326633165829,2.412312312312312,0.008280086807591,LAES_rq07
0.5610552763819094,2.41071071071071,0.0082165495014922,LAES_rq07
0.5655778894472361,2.408908908908909,0.0081540211325925,LAES_rq07
0.5701005025125627,2.407307307307307,0.0080924777012668,LAES_rq07
0.5746231155778894,2.4057057057057056,0.0080318959704803,LAES_rq07
0.579145728643216,2.404104104104104,0.0079722534249844,LAES_rq07
0.5836683417085426,2.4023023023023025,0.0079135282457247,LAES_rq07
0.5881909547738693,2.400700700700701,0.0078556992873659,LAES_rq07
0.5927135678391959,2.3990990990990992,0.0077987460497953,LAES_rq07
0.5972361809045226,2.397497497497498,0.0077426486528516,LAES_rq07
0.6017587939698492,2.395895895895896,0.0076873878139871,LAES_rq07
0.6062814070351759,2.394294294294294,0.0076329448259775,LAES_rq07
0.6108040201005025,2.3926926926926924,0.0075793015356133,LAES_rq07
0.6153266331658291,2.391091091091091,0.0075264403233524,LAES_rq07
0.6198492462311557,2.389489489489489,0.0074743440838448,LAES_rq07
0.6243718592964823,2.387887887887888,0.0074229962073095,LAES_rq07
0.628894472361809,2.3862862862862864,0.0073723805617183,LAES_rq07
0.6334170854271356,2.384884884884885,0.0073224814741953,LAES_rq07
0.6379396984924622,2.3832832832832835,0.007273283717961,LAES_rq07
0.6424623115577889,2.3816816816816817,0.0072247724957384,LAES_rq07
0.6469849246231155,2.3802802802802807,0.0071769334228869,LAES_rq07
0.6515075376884422,2.3786786786786784,0.0071297525104638,LAES_rq07
0.6560301507537688,2.377077077077077,0.0070832161625875,LAES_rq07
0.6605527638190954,2.375675675675676,0.0070373111496494,LAES_rq07
0.6650753768844221,2.374074074074074,0.0069920246041143,LAES_rq07
0.6695979899497487,2.3726726726726723,0.006947344006209,LAES_rq07
0.6741206030150753,2.371071071071071,0.0069032571710437,LAES_rq07
0.6786432160804019,2.369669669669669,0.0068597522388734,LAES_rq07
0.6831658291457285,2.368068068068068,0.0068168176658607,LAES_rq07
0.6876884422110552,2.3666666666666667,0.0067744422061324,LAES_rq07
0.6922110552763818,2.3652652652652653,0.0067326149149539,LAES_rq07
0.6967336683417085,2.3638638638638643,0.0066913251278859,LAES_rq07
0.7012562814070351,2.362262262262262,0.0066505624539552,LAES_rq07
0.7057788944723618,2.360860860860861,0.0066103167712316,LAES_rq07
0.7103015075376884,2.35945945945946,0.0065705782152606,LAES_rq07
0.714824120603015,2.358058058058058,0.0065313371703764,LAES_rq07
0.7193467336683417,2.356656656656656,0.0064925842627033,LAES_rq07
0.7238693467336683,2.3552552552552557,0.0064543103525997,LAES_rq07
0.7283919597989948,2.353853853853854,0.0064165065273949,LAES_rq07
0.7329145728643215,2.3524524524524524,0.0063791640943788,LAES_rq07
0.7374371859296481,2.351051051051051,0.0063422745740596,LAES_rq07
0.7419597989949748,2.34964964964965,0.0063058296936666,LAES_rq07
0.7464824120603014,2.348248248248248,0.0062698213808852,LAES_rq07
0.7510050251256281,2.346846846846847,0.0062342417578262,LAES_rq07
0.7555276381909547,2.3454454454454456,0.0061990831352025,LAES_rq07
0.7600502512562813,2.344244244244244,0.0061643380065867,LAES_rq07
0.764572864321608,2.3428428428428427,0.006129999041021,LAES_rq07
0.7690954773869346,2.3414414414414417,0.0060960590842197,LAES_rq07
0.7736180904522613,2.3400400400400403,0.006062511147151,LAES_rq07
0.7781407035175879,2.338838838838839,0.0060293484010723,LAES_rq07
0.7826633165829145,2.3374374374374374,0.0059965641777694,LAES_rq07
0.7871859296482411,2.336236236236236,0.0059641519627327,LAES_rq07
0.7917085427135677,2.3348348348348344,0.0059321053853493,LAES_rq07
0.7962311557788944,2.333433433433433,0.0059004182273991,LAES_rq07
0.800753768844221,2.3322322322322324,0.0058690844027887,LAES_rq07
0.8052763819095476,2.331031031031031,0.0058380979702613,LAES_rq07
0.8097989949748743,2.329629629629629,0.005807453112969,LAES_rq07
0.8143216080402009,2.3284284284284285,0.0057771441508758,LAES_rq07
0.8188442211055276,2.327027027027027,0.0057471655244852,LAES_rq07
0.8233668341708542,2.325825825825826,0.0057175117970916,LAES_rq07
0.8278894472361809,2.324624624624625,0.0056881776532157,LAES_rq07
0.8324120603015075,2.323223223223223,0.0056591578907479,LAES_rq07
0.8369346733668341,2.322022022022022,0.005630447418238,LAES_rq07
0.8414572864321607,2.3208208208208205,0.0056020412578273,LAES_rq07
0.8459798994974873,2.3196196196196195,0.0055739345358165,LAES_rq07
0.850502512562814,2.3184184184184184,0.0055461224821513,LAES_rq07
0.8550251256281406,2.317217217217217,0.0055186004276808,LAES_rq07
0.8595477386934672,2.316016016016016,0.0054913638015031,LAES_rq07
0.8640703517587939,2.314814814814815,0.0054644081283953,LAES_rq07
0.8685929648241205,2.313613613613614,0.0054377290263211,LAES_rq07
0.8731155778894472,2.3124124124124124,0.0054113222040173,LAES_rq07
0.8776381909547738,2.3112112112112118,0.0053851834586581,LAES_rq07
0.8821608040201004,2.3100100100100103,0.005359308673584,LAES_rq07
0.8866834170854271,2.308808808808809,0.0053336938161079,LAES_rq07
0.8912060301507537,2.307607607607608,0.0053083349353823,LAES_rq07
0.8957286432160803,2.3064064064064063,0.0052832281603344,LAES_rq07
0.9002512562814069,2.305205205205205,0.0052583696976621,LAES_rq07
0.9047738693467337,2.304204204204204,0.0052337558294808,LAES_rq07
0.9092964824120602,2.303003003003002,0.005209382910787,LAES_rq07
0.9138190954773868,2.3018018018018016,0.0051852473717962,LAES_rq07
0.9183417085427136,2.300600600600601,0.0051613457114262,LAES_rq07
0.92286432160804,2.2995995995995995,0.0051376744948705,LAES_rq07
0.9273869346733667,2.298398398398398,0.0051142303580064,LAES_rq07
0.9319095477386934,2.297397397397398,0.0050910100008256,LAES_rq07
0.93643216080402,2.2961961961961967,0.0050680101840976,LAES_rq07
0.9409547738693468,2.294994994994995,0.0050452277365915,LAES_rq07
0.9454773869346732,2.2939939939939937,0.0050226595408613,LAES_rq07
0.95,2.2927927927927927,0.0050003025460055,LAES_rq07
