AR,Q_L,Q_b,Q_VL,Q_Vw,Q_tot,BOR
0.05,1652.3678692983174,62955.52744989408,3.3475129254948417,268.2919258238039,64879.53475794169,0.39138582946253087
0.0736842105263158,1905.8036617688342,48614.32349567771,2.911759351996787,282.41133946895707,50805.4502562675,0.3064838226752757
0.09736842105263158,2107.2737850067633,40370.90186672997,2.621411419283414,295.5692961162397,42776.36635927226,0.258048348463004
0.12105263157894737,2277.140754656467,34916.52753360483,2.408173647110721,307.69339031113714,37503.76985221954,0.22624140129011738
0.14473684210526316,2425.413879263229,30995.202245895784,2.240350892658998,318.91002945219947,33741.76650550387,0.2035471154132932
0.16842105263157897,2557.837775414607,28016.655169792768,2.10330791931546,329.35421426763264,30905.950467394323,0.18644005824376642
0.19210526315789472,2678.0485713091166,25663.80385810669,1.9880524172534049,339.14058446598204,28682.981066299042,0.17302999948743994
0.21578947368421053,2788.5096985207506,23749.82237625915,1.8889731581553801,348.3620670101713,26888.583114948226,0.16220529756313717
0.23947368421052634,2890.9758984956543,22156.883419112193,1.8023332948647737,357.0936592679257,25406.755310170636,0.15326617502859796
0.2631578947368421,2986.746250063803,20806.687006606375,1.7255419458587604,365.3962125378569,24160.555011153894,0.14574847579496342
0.2868421052631579,3076.8124033102595,19644.99558455064,1.656728895230385,373.3196690243611,23096.78438578049,0.13933128259229285
0.3105263157894737,3161.950432966794,18632.94902972395,1.594505079040884,380.9054031058635,22177.399370875646,0.13378509521000984
0.33421052631578946,3242.780399169141,17741.91333640322,1.5378054765069755,388.1881200913963,21374.419661140262,0.12894112261185273
0.35789473684210527,3319.806432470779,16950.284628213652,1.4858070908871077,395.19715903422764,20666.774026809548,0.12467225250504108
0.3815789473684211,3393.4445708441663,16241.430049968421,1.437850234417583,401.9576118673458,20038.270082914354,0.12088080448221811
0.4052631578947368,3464.0426144047115,15602.317820542594,1.393407590822346,408.49105864893596,19476.244901187063,0.11749038933278093
0.42894736842105263,3531.8946151843325,15022.580199894112,1.3520441693154828,414.8162591380075,18970.643118385764,0.11444034822484574
0.45263157894736844,3597.2516668411126,14493.856913596663,1.3134033251529234,420.94957891224846,18513.371562675176,0.11168185900313025
0.4763157894736842,3660.3300816374895,14009.325227519497,1.2770939040364433,426.90545240586044,18097.83785546688,0.1091751529523414
0.5,3721.3176817754165,13563.357226730632,1.2430499672367996,432.69659370003785,17718.614552173323,0.10688748964315155
0.55,3843.9177842774807,12728.349058168584,1.1773542062697824,444.43091134402425,17017.87510799636,0.10266028120124188
0.6000000000000001,3959.1877437692947,12011.014819891832,1.1187013277117508,455.5704495424378,16426.891714531277,0.09909517553990646
0.65,4068.129057417647,11386.885805899403,1.0660065073875924,466.1877823223006,15922.268652146739,0.09605103855775954
0.7000000000000001,4171.540999877814,10837.98410503097,1.018211460792786,476.3422421328977,15486.885558502474,0.09342459131186957
0.75,4270.072808543614,10350.778796184808,0.9746916658237168,486.0829488176361,15107.909245211882,0.09113841792870114
0.8,4364.259860477302,9914.874280169506,0.9347644206567094,495.451174743277,14775.520079810743,0.08913328123419088
0.8500000000000001,4454.549426951547,9522.140515417168,0.8980426488726371,504.4819018899522,14482.069886907539,0.0873630438815561
0.9,4541.319449392037,9166.119821232884,0.8640577691095692,513.2051319710819,14221.508460365112,0.08579120781101643
0.95,4624.892498327442,8841.61227597142,0.8325573912877764,521.6467431273277,13988.984074817476,0.08438850518262689
1.0,4705.5463457102305,8544.379638600838,0.8032053453280588,529.8293117839061,13780.558501440302,0.08313117848972114
1.05,4783.52209204001,8270.929843730382,0.7758030098829968,537.7726166218991,13593.000355402175,0.0819997344950174
1.1,4859.030507931357,8018.357454398093,0.7501758429764215,545.4940884863703,13423.632226658796,0.08097802178649638
1.15,4932.257042761441,7784.223726690984,0.7261062824552851,553.0092292335821,13270.216104968462,0.0800525394475915
1.2,5003.365824615411,7566.4652010905,0.7034705588655161,560.3318516995413,13130.866347964316,0.07921191241866077
1.25,5072.502891188477,7363.323159281493,0.6821402265879162,567.4743205614204,13003.982511257978,0.07844648601702309
1.2999999999999998,5139.798821191922,7173.288559800906,0.6620170292859593,574.4477813685592,12888.197179390672,0.0777480113590275
1.35,5205.370898361599,6995.058605543787,0.6429688012164733,581.2623199781303,12782.334792684733,0.07710939679419974
1.4,5269.324902813384,6827.502156177284,0.6249240956753939,587.9270555247826,12685.379038611125,0.07652451146621793
1.45,5331.756607218476,6669.631939801268,0.6078034848993447,594.4503192735368,12596.446669778183,0.07598802718360147
1.5,5392.753033573847,6520.582044059379,0.5915369146900338,600.8396946569862,12514.766309204902,0.07549529061953238
1.6,5510.750602143232,6245.97940632342,0.5613249394438544,613.2440768666728,12370.53541027277,0.07462521813705252
1.7000000000000002,5623.875390815343,5998.572637715453,0.5338373434607674,625.1894568724019,12248.171322746659,0.07388705709075682
1.8,5732.598888268374,5774.29365431497,0.5087260341097145,636.7178082802404,12144.119076897694,0.0732593621813941
1.9000000000000001,5837.323637923094,5569.866710752658,0.48569507394965,647.8652407984163,12055.541284548117,0.07272501686849935
2.0,5938.396377685396,5382.62188248317,0.4644967294794003,658.6630714477993,11980.145828345845,0.07227019395862307
2.1,6036.118150058033,5210.359306159812,0.44492182438895933,669.1386598016966,11916.06103784393,0.0718836026102121
2.2,6130.752190910507,5051.248671188815,0.4267926958209259,679.3160612770598,11861.7437160722,0.0715559335208275
2.3,6222.530162965713,4903.753665174545,0.4099563750460634,689.2165815914279,11815.910366106733,0.07127944392103958
2.4,6311.657137507539,4766.574390075482,0.39428116965680277,698.859150406082,11777.48495915876,0.0710476427175625
2.5,6398.315617114265,4638.602922778587,0.3796527148691805,708.2607003658334,11745.558892973555,0.07085504876742235
2.6,6482.668814568003,4518.88862673162,0.36597087240060183,717.4364461592361,11719.35985833126,0.07069700309974891
2.7,6564.863348694478,4406.610791186447,0.35314928180424193,726.4000900524991,11698.227379215228,0.07056952143326356
2.8,6645.031478247205,4301.056842385197,0.3411105816033261,735.1640593142552,11681.593490528261,0.07046917749845782
2.9,6723.292966744004,4201.604838003398,0.3297866269228111,743.739640534118,11668.967231908442,0.07039300957959498
3.0,6799.756649619157,4107.709287438475,0.3191170839114539,752.1371253423367,11659.92217948388,0.07033844527677005
3.0999999999999996,6874.521759534658,4018.8895786603266,0.3090482783075806,760.3659272537466,11654.086313727039,0.0703032403821561
3.2,6947.679053707358,3934.7204656183803,0.299532260581266,768.4346820882249,11651.133733674547,0.07028542889817394
3.3,7019.311778048382,3854.824197725619,0.29052602205077227,776.3513335263387,11650.777835322391,0.07028328188478206
3.4,7089.496495915442,3778.863967790557,0.28198975824103956,784.1232086621008,11652.765662126341,0.07029527338597814
3.5,7158.303803961456,3706.538426013466,0.2738901867757142,791.7570785485294,11656.873198710227,0.0703200520309625
