Aspect Ratio,Thermal Aspect Ratio,Boil-Off Rate (BOR)
0.02,0.07375124643426004,0.009292206038702178
0.021981981981981983,0.080472487156531,0.008788800524221374
0.023963963963963966,0.08709696705765234,0.008357578341276373
0.025945945945945945,0.09362675624282163,0.007983543289186379
0.027927927927927927,0.10006386675333544,0.0076556623040979765
0.02990990990990991,0.10641025448016837,0.0073656231758223445
0.03189189189189189,0.11266782102894567,0.007107035193164135
0.033873873873873875,0.11883841552952258,0.006874897951192338
0.03585585585585585,0.12492383638679207,0.006665238421733166
0.03783783783783784,0.13092583297141497,0.0064748569071275686
0.039819819819819816,0.13684610725046067,0.00630114539778881
0.041801801801801805,0.1426863153587481,0.006141955217393358
0.04378378378378378,0.1484480691121841,0.0059954989518513635
0.04576576576576577,0.15413293746470696,0.005860276672003284
0.047747747747747746,0.15974244791061873,0.005735019670295216
0.04972972972972973,0.1652780878341979,0.005618647017145095
0.05171171171171171,0.17074130580851685,0.005510231639018759
0.05369369369369369,0.1761335128453956,0.00540897354981329
0.055675675675675676,0.1814560835984049,0.005314178530395841
0.05765765765765766,0.18671035752078524,0.005225240995805569
0.05963963963963964,0.19189763998010484,0.0051416301145066345
0.061621621621621624,0.197019203331421,0.005062878479569433
0.0636036036036036,0.20207628795064514,0.004988572795619595
0.06558558558558558,0.2070701032297522,0.004918346173772736
0.06756756756756757,0.21200182853540883,0.0048518717178238635
0.06954954954954955,0.21687261413252984,0.0047888571535812385
0.07153153153153154,0.22168358207421363,0.004729040308851129
0.07351351351351351,0.22643582705943877,0.0046721852891939974
0.0754954954954955,0.23113041725985198,0.004618079227090677
0.07747747747747748,0.2357683951169132,0.004566529505479089
0.07945945945945945,0.24035077811061173,0.004517361378116869
0.08144144144144144,0.24487855950091353,0.004470415919055615
0.08342342342342343,0.2493527090430439,0.004425548251575373
0.08540540540540541,0.25377417367766947,0.004382626011109059
0.08738738738738738,0.2581438781969859,0.004341528007842266
0.08936936936936937,0.2624627258876809,0.004302143058006136
0.09135135135135135,0.2667315991516948,0.004264368960680276
0.09333333333333332,0.270951360105662,0.0042281115983773265
0.09531531531531531,0.27512285115987606,0.004193284143757747
0.0972972972972973,0.27924689557758586,0.004159806360837015
0.09927927927927928,0.2833242980153918,0.004127603982781558
0.10126126126126125,0.28735584504548145,0.0040966081618252215
0.10324324324324324,0.291342305660407,0.00406675497781106
0.10522522522522523,0.2952844317610797,0.004037985001342115
0.10720720720720721,0.2991829586286272,0.004010242901125061
0.10918918918918918,0.303038605380728,0.003983477093397303
0.11117117117117117,0.30685207541301474,0.00395763942659455
0.11315315315315315,0.31062405682611266,0.003932684897606897
0.11513513513513514,0.3143552228388522,0.003908571395829119
0.11711711711711711,0.3180462321881735,0.0038852594723832734
0.1190990990990991,0.32169772951622094,0.0038627121307541756
0.12108108108108108,0.32531034574510054,0.0038408946371579766
0.12306306306306306,0.32888469843975676,0.00381977434885461
0.12504504504504504,0.3324213921594039,0.0037993205571627
0.12702702702702703,0.33592101879793224,0.003779504345298834
0.12900900900900902,0.3393841579136857,0.003760298457719413
0.13099099099099099,0.34281137704899994,0.0037416771824891892
0.13297297297297297,0.34620323203986714,0.0037236162414373553
0.13495495495495496,0.3495602673160783,0.0037060926911633985
0.13693693693693693,0.35288301619218904,0.0036890848314823366
0.13891891891891892,0.35617200114962844,0.0036725721221242402
0.1409009009009009,0.3594277341102643,0.0036565351050203976
0.14288288288288287,0.36265071670172716,0.0036409553334666445
0.14486486486486486,0.36584144051477896,0.0036258153069215204
0.14684684684684685,0.36900038735300394,0.003611098410255087
0.14882882882882884,0.3721280294750854,0.003596788858341693
0.15081081081081082,0.3752248298299268,0.0035828716441705932
0.1527927927927928,0.3782912422848596,0.0035693324912373647
0.15477477477477478,0.3813277118471754,0.0035561578091856116
0.15675675675675677,0.38433467487920636,0.003543334652865271
0.15873873873873873,0.38731255930717645,0.0035308506841054133
0.16072072072072072,0.390261784824027,0.0035186941361691204
0.1627027027027027,0.3931827630864235,0.0035068537812616984
0.16468468468468467,0.39607589790613296,0.0034953188992581374
0.16666666666666666,0.3989415854359631,0.0034840792492885075
0.16864864864864865,0.4017802143504374,0.003473125043130132
0.17063063063063064,0.404592166021384,0.003462446920502682
0.17261261261261263,0.4073778146885999,0.0034520359254024413
0.1745945945945946,0.4101375276257563,0.003441883484251562
0.17657657657657658,0.41287166530169234,0.0034319813863528115
0.17855855855855857,0.415580581537252,0.0034223217638338355
0.18054054054054053,0.4182646236578044,0.0034128970744109477
0.18252252252252252,0.42092413264158435,0.0034037000844082677
0.1845045045045045,0.4235594432639888,0.0033947238529752344
0.1864864864864865,0.4261708842379555,0.003385961717617958
0.18846846846846846,0.42875877835054704,0.003377407279889333
0.19045045045045045,0.4313234425958606,0.0033690543927522576
0.19243243243243244,0.43386518830437754,0.003360897147987707
0.19441441441441443,0.4363843212688624,0.0033529298648791173
0.1963963963963964,0.4388811418669213,0.0033451470790835103
0.19837837837837838,0.44135594518031884,0.0033375435326110647
0.20036036036036037,0.4438090211111555,0.0033301141638668597
0.20234234234234233,0.44624065449500133,0.0033228540988259336
0.20432432432432432,0.44865112521107686,0.003315758641999178
0.2063063063063063,0.45104070828957327,0.0033088232687787933
0.2082882882882883,0.45340967401619514,0.003302043617160022
0.21027027027027026,0.4557582880340119,0.0032954154810529435
0.21225225225225225,0.4580868114426974,0.0032889348026272636
0.21423423423423424,0.460395500895234,0.003282597666631304
0.21621621621621623,0.462684608692159,0.0032764002935747882
0.2181981981981982,0.4649543828734243,0.0032703390339914318
0.22018018018018018,0.46720506730793965,0.00326441036307501
0.22216216216216217,0.4694369017808678,0.0032586108751078147
0.22414414414414413,0.4716501220787361,0.0032529372786698207
0.22612612612612612,0.47384496007243004,0.0032473863918955903
0.2281081081081081,0.4760216437981275,0.003241955137400998
0.2300900900900901,0.47818039753623476,0.003236640539041824
0.23207207207207206,0.4803214418883804,0.0032314397169053155
0.23405405405405405,0.48244499385252426,0.003226349883452606
0.23603603603603604,0.4845512668962333,0.0032213683406114857
0.23801801801801803,0.4866404710281768,0.0032164924754318758
0.24,0.48871281286789203,0.0032117197568015676
0.24198198198198198,0.49076849571386844,0.0032070477329180225
0.24396396396396397,0.49280771960999614,0.003202474027492963
0.24594594594594593,0.4948306814104278,0.0031979963371473463
0.24792792792792792,0.49683757484289337,0.0031936124285700807
0.2499099099099099,0.49882859057051443,0.003189320136040008
0.2518918918918919,0.5008039162521578,0.003185117358666112
0.2538738738738739,0.5027637366013678,0.0031810020580234077
0.25585585585585585,0.5047082334439176,0.0031769722559717994
0.2578378378378378,0.5066375857740165,0.0031730260323483694
0.25981981981981983,0.5085519698092097,0.0031691615227851244
0.2618018018018018,0.5104515590440055,0.003165376916809848
0.26378378378378375,0.5123365243022647,0.003161670455975374
0.26576576576576577,0.5142070337883856,0.0031580404317972377
0.26774774774774773,0.5160632531373165,0.00315448518413719
0.26972972972972975,0.517905345463426,0.0031510030994394977
0.2717117117117117,0.519733471408263,0.0031475926091766304
0.2736936936936937,0.5215477891872357,0.003144252188254537
0.2756756756756757,0.5233484546352348,0.0031409803534920844
0.27765765765765765,0.5251356212512349,0.003137775662235054
0.2796396396396396,0.5269094402418931,0.003134636710915073
0.28162162162162163,0.5286700605641779,0.0031315621338892097
0.2836036036036036,0.5304176289670481,0.0031285506019773646
0.28558558558558556,0.5321522900322114,0.003125600821382024
0.2875675675675676,0.53387418621398,0.0031227115323611
0.28954954954954953,0.535583457878253,0.0031198815084743092
0.29153153153153155,0.5372802433406441,0.0031171095551023598
0.2935135135135135,0.5389646789037754,0.003114394508593632
0.2954954954954955,0.5406368988937633,0.0031117352352436622
0.2974774774774775,0.5422970356959107,0.003109130630370105
0.29945945945945945,0.5439452197896301,0.0031065796173479487
0.3014414414414414,0.5455815797826165,0.0031040811467830665
0.30342342342342343,0.547206242444285,0.0031016341956018323
0.3054054054054054,0.548819332738496,0.0030992377662679704
0.3073873873873874,0.5504209738555853,0.0030968908859478894
0.3093693693693694,0.5520112872437097,0.0030945926058207895
0.31135135135135134,0.5535903926395374,0.003092342000312831
0.31333333333333335,0.5551584080982848,0.003090138166380374
0.3153153153153153,0.5567154500231288,0.003087980222836295
0.3172972972972973,0.5582616331940002,0.003085867309717605
0.3192792792792793,0.5597970707957788,0.0030837985875522556
0.32126126126126126,0.5613218744459019,0.0030817732369632367
0.3232432432432432,0.5628361542214023,0.0030797904579034086
0.32522522522522523,0.5643400186853887,0.0030778494691119374
0.3272072072072072,0.5658335749129801,0.0030759495076235766
0.32918918918918916,0.5673169285167107,0.003074089828131177
0.3311711711711712,0.5687901836714159,0.003072269702656838
0.33315315315315314,0.5702534431386106,0.003070488419895989
0.33513513513513515,0.5717068082903755,0.0030687452848374708
0.3371171171171171,0.5731503791327577,0.003067039618276146
0.3390990990990991,0.5745842543287029,0.0030653707561896226
0.3410810810810811,0.5760085312205249,0.0030637380498237388
0.34306306306306306,0.5774233058519274,0.0030621408646924753
0.345045045045045,0.578828672989585,0.003060578580393436
0.34702702702702704,0.5802247261442968,0.003059050590379586
0.349009009009009,0.5816115575917191,0.003057556301391262
0.350990990990991,0.5829892583926914,0.0030560951331488617
0.352972972972973,0.5843579184131593,0.003054666518018445
0.35495495495495494,0.5857176263437096,0.0030532699006613484
0.35693693693693695,0.5870684697187205,0.003051904737703115
0.3589189189189189,0.5884105349351408,0.003050570497421745
0.3609009009009009,0.5897439072709045,0.003049266659430838
0.3628828828828829,0.5910686709029859,0.003047992714378722
0.36486486486486486,0.5923849089251103,0.0030467481636677896
0.3668468468468468,0.5936927033651206,0.0030455325192384475
0.36882882882882884,0.5949921352020129,0.0030443453031239187
0.3708108108108108,0.5962832843826453,0.003043186047347879
0.3727927927927928,0.5975662298381297,0.0030420542936206996
0.3747747747747748,0.5988410494999096,0.003040949593079878
0.37675675675675674,0.6001078203155372,0.003039871506070213
0.37873873873873876,0.601366618264149,0.0030388196018955593
0.3807207207207207,0.602617518371653,0.003037793458600113
0.3827027027027027,0.6038605947256293,0.0030367926627490327
0.3846846846846847,0.6050959204899523,0.003035816809221936
0.38666666666666666,0.6063235679191422,0.0030348655009910797
0.3886486486486486,0.6075436083724469,0.0030339383489272898
0.39063063063063064,0.6087561123276648,0.003033034971675397
0.3926126126126126,0.6099611493947119,0.0030321549953098437
0.3945945945945946,0.6111587883289399,0.0030312980532887224
0.3965765765765766,0.6123490970442073,0.0030304637862361705
0.39855855855855854,0.613532142625715,0.00302965184175763
0.40054054054054056,0.6147079913426046,0.003028861874287969
0.4025225225225225,0.6158767086603293,0.003028093544910293
0.4045045045045045,0.6170383592527993,0.00302734652123271
0.4064864864864865,0.6181930070143086,0.0030266204771958183
0.40846846846846846,0.6193407150712469,0.0030259150929630163
0.4104504504504504,0.620481545793599,0.003025230054678696
0.41243243243243244,0.6216155608062417,0.0030245650545130953
0.4144144144144144,0.6227428210000354,0.0030239197903549897
0.4163963963963964,0.6238633865427198,0.00302329396572798
0.4183783783783784,0.624977316889617,0.003022687289679249
0.42036036036036034,0.626084670794143,0.0030220994766441134
0.42234234234234236,0.6271855063181345,0.0030215302463363347
0.4243243243243243,0.6282798808419949,0.003020979323605344
0.4263063063063063,0.6293678510746611,0.0030204464383467577
0.4282882882882883,0.6304494730633958,0.003019931325350722
0.43027027027027026,0.6315248022034097,0.0030194337242308578
0.4322522522522523,0.6325938932473155,0.003018953379305467
0.43423423423423424,0.6336568003144194,0.003018490039476296
0.4362162162162162,0.6347135768998492,0.00301804345815615
0.4381981981981982,0.6357642758835276,0.0030176133931714144
0.4401801801801802,0.6368089495389897,0.003017199606555554
0.44216216216216214,0.6378476495420501,0.003016801864686558
0.44414414414414416,0.6388804269793205,0.00301641993798607
0.4461261261261261,0.6399073323565839,0.0030160536008854155
0.4481081081081081,0.6409284156070246,0.0030157026317880753
0.4500900900900901,0.6419437260993202,0.003015366812943343
0.45207207207207206,0.6429533126455955,0.0030150459303806
0.4540540540540541,0.6439572235092428,0.003014739773819608
0.45603603603603604,0.6449555064126117,0.003014448136601011
0.458018018018018,0.6459482085445672,0.0030141708155975167
0.46,0.6469353765679255,0.0030139076111561636
0.461981981981982,0.6479170566267616,0.0030136583270101713
0.46396396396396394,0.6488932943535989,0.003013422770221652
0.46594594594594596,0.6498641348764764,0.003013200751103451
0.4679279279279279,0.6508296228259025,0.0030129920831560852
0.4699099099099099,0.6517898023416911,0.003012796583004018
0.4718918918918919,0.6527447170796868,0.0030126140703077287
0.47387387387387386,0.6536944102183797,0.003012444367780809
0.4758558558558558,0.6546389244654116,0.003012287301023875
0.47783783783783784,0.6555783020639766,0.0030121426985014743
0.4798198198198198,0.6565125847991166,0.0030120103915201035
0.4818018018018018,0.6574418140039161,0.003011890214159818
0.4837837837837838,0.6583660305655962,0.0030117820031796416
0.48576576576576574,0.6592852749315085,0.0030116855980004686
0.48774774774774776,0.6601995871150363,0.00301160084064489
0.4897297297297297,0.6611090067013977,0.003011527575681461
0.4917117117117117,0.6620135728533567,0.003011465650172074
0.4936936936936937,0.6629133243168448,0.003011414913639765
0.49567567567567566,0.6638082994264902,0.0030113752179976583
0.4976576576576577,0.6646985361110621,0.003011346417515881
0.49963963963963964,0.6655840718988266,0.003011328368771826
0.5016216216216216,0.6664649439228194,0.0030113209306126265
0.5036036036036036,0.6673411889260343,0.003011323964100532
0.5055855855855855,0.6682128432665311,0.00301133733247827
0.5075675675675676,0.6690799429224633,0.00301136090112486
0.5095495495495496,0.6699425234970262,0.0030113945375140894
0.5115315315315315,0.67080062022333,0.003011438111168774
0.5135135135135135,0.6716542679691939,0.0030114914936532067
0.5154954954954954,0.6725035012418699,0.0030115545584836756
0.5174774774774775,0.6733483541926896,0.003011627181132681
0.5194594594594595,0.6741888606216416,0.0030117092389720934
0.5214414414414414,0.6750250539818785,0.0030118006112551665
0.5234234234234234,0.6758569673841534,0.003011901179060139
0.5254054054054054,0.6766846336011889,0.0030120108252666977
0.5273873873873873,0.6775080850719808,0.0030121294345288874
0.5293693693693694,0.6783273539060339,0.0030122568932295923
0.5313513513513514,0.6791424718875355,0.003012393089469878
0.5333333333333333,0.6799534704794638,0.0030125379130052643
0.5353153153153153,0.6807603808276362,0.0030126912552514984
0.5372972972972972,0.6815632337646947,0.0030128530092319306
0.5392792792792793,0.6823620598140328,0.0030130230695499804
0.5412612612612613,0.6831568891936618,0.003013201332363602
0.5432432432432432,0.6839477518200211,0.0030133876953697403
0.5452252252252252,0.6847346773117305,0.0030135820577554817
0.5472072072072072,0.6855176949932871,0.0030137843201851755
0.5491891891891891,0.6862968338987059,0.0030139943847700135
0.5511711711711712,0.6870721227751093,0.0030142121550416068
0.5531531531531532,0.6878435900862603,0.0030144375359402176
0.5551351351351351,0.6886112640160459,0.0030146704337565833
0.5571171171171171,0.6893751724719083,0.0030149107561510124
0.559099099099099,0.6901353430882257,0.003015158412100316
0.5610810810810811,0.6908918032296439,0.003015413311893589
0.5630630630630631,0.6916445799943591,0.003015675367073589
0.565045045045045,0.692393700217353,0.003015944490458722
0.567027027027027,0.693139190473581,0.0030162205961070665
0.569009009009009,0.6938810770811131,0.003016503599282183
0.5709909909909909,0.6946193861042317,0.0030167934164471166
0.572972972972973,0.6953541433564815,0.003017089965234643
0.574954954954955,0.6960853744036789,0.0030173931644330576
0.5769369369369369,0.6968131045668752,0.0030177029339615302
0.5789189189189189,0.6975373589252795,0.003018019194859667
0.5809009009009009,0.6982581623191391,0.0030183418692599773
0.5828828828828829,0.6989755393525776,0.003018670880369889
0.5848648648648649,0.6996895143963953,0.0030190061524630885
0.5868468468468468,0.7004001115908274,0.0030193476108468786
0.5888288288288288,0.7011073548482639,0.003019695181862181
0.5908108108108108,0.7018112678559323,0.003020048792854002
0.5927927927927927,0.7025118740785404,0.0030204083721556696
0.5947747747747748,0.703209196760884,0.0030207738490803937
0.5967567567567568,0.7039032589304155,0.003021145153898397
0.5987387387387387,0.7045940833997802,0.003021522217818262
0.6007207207207207,0.7052816927693139,0.0030219049729853786
0.6027027027027027,0.7059661094295062,0.0030222933524508555
0.6046846846846847,0.7066473555634325,0.003022687290167525
0.6066666666666667,0.7073254531491476,0.00302308672096796
0.6086486486486486,0.7080004239620509,0.0030234915805595897
0.6106306306306306,0.7086722895772148,0.0030239018054962763
0.6126126126126126,0.7093410713716847,0.0030243173331816475
0.6145945945945945,0.7100067905267443,0.0030247381018533304
0.6165765765765766,0.7106694680301525,0.0030251640505400967
0.6185585585585586,0.7113291246783473,0.0030255951190962804
0.6205405405405405,0.7119857810786218,0.00302603124815759
0.6225225225225225,0.7126394576512688,0.0030264723791211257
0.6245045045045045,0.7132901746316977,0.0030269184541886762
0.6264864864864865,0.7139379520725221,0.003027369416277459
0.6284684684684685,0.7145828098456185,0.003027825209061641
0.6304504504504505,0.7152247676441582,0.0030282857769292626
0.6324324324324324,0.7158638449846122,0.003028751065006219
0.6344144144144144,0.7165000612087277,0.003029221019118067
0.6363963963963963,0.717133435485479,0.003029695585782699
0.6383783783783784,0.7177639868129932,0.0030301747122079004
0.6403603603603604,0.7183917340204479,0.003030658346269366
0.6423423423423423,0.719016695769946,0.003031146436515808
0.6443243243243243,0.7196388905583647,0.003031638932142977
0.6463063063063063,0.7202583367191793,0.0030321357829958817
0.6482882882882883,0.720875052424264,0.003032636939557909
0.6502702702702703,0.7214890556856679,0.003033142352926177
0.6522522522522523,0.7221003643573692,0.003033651974813978
0.6542342342342342,0.7227089961370043,0.003034165757547669
0.6562162162162162,0.7233149685675759,0.003034683654050019
0.6581981981981982,0.7239182990391382,0.003035205617830661
0.6601801801801802,0.7245190047904594,0.0030357316029776538
0.6621621621621622,0.7251171029106639,0.0030362615641486013
0.6641441441441441,0.7257126103408523,0.003036795456564878
0.6661261261261261,0.7263055438757008,0.003037333236002082
0.6681081081081081,0.7268959201650385,0.003037874858780265
0.6700900900900901,0.7274837557154078,0.003038420281755938
0.6720720720720721,0.7280690668915999,0.0030389694623207397
0.674054054054054,0.7286518699181749,0.003039522358379232
0.676036036036036,0.72923218088096,0.0030400789283606677
0.678018018018018,0.7298100157285288,0.0030406391311930125
0.6799999999999999,0.7303853902736626,0.0030412029263073848
0.681981981981982,0.7309583201947923,0.0030417702736256214
0.683963963963964,0.7315288210374219,0.003042341133556281
0.6859459459459459,0.732096908215535,0.0030429154669833203
0.6879279279279279,0.7326625970129813,0.0030434932352665367
0.6899099099099099,0.733225902584849,0.0030440744002258047
0.6918918918918919,0.7337868399588154,0.0030446589241388544
0.6938738738738739,0.7343454240364854,0.0030452467697377195
0.6958558558558559,0.734901669594709,0.0030458379001947478
0.6978378378378378,0.7354555912868855,0.0030464322791265985
0.6998198198198198,0.7360072036442485,0.003047029870578033
0.7018018018018019,0.7365565210771372,0.0030476306390219143
0.7037837837837838,0.737103557876251,0.003048234549349438
0.7057657657657658,0.7376483282138884,0.003048841566865912
0.7077477477477477,0.7381908461451703,0.00304945165728987
0.7097297297297297,0.7387311256092487,0.003050064786735085
0.7117117117117117,0.7392691804305007,0.003050680921719895
0.7136936936936937,0.739805024319707,0.0030513000291487735
0.7156756756756757,0.7403386708752158,0.0030519220763141064
0.7176576576576577,0.7408701335840935,0.003052547030890418
0.7196396396396396,0.7413994258232608,0.0030531748609261555
0.7216216216216216,0.7419265608606143,0.0030538055348416915
0.7236036036036037,0.7424515518561348,0.003054439021421995
0.7255855855855856,0.7429744118629827,0.0030550752898088618
0.7275675675675676,0.7434951538285797,0.0030557143095031325
0.7295495495495495,0.7440137905956768,0.003056356050356923
0.7315315315315315,0.7445303349034098,0.003057000482567407
0.7335135135135135,0.7450447993883429,0.0030576475766728173
0.7354954954954955,0.7455571965854979,0.003058297303544677
0.7374774774774775,0.7460675389293728,0.003058949634389796
0.7394594594594595,0.7465758387549474,0.0030596045407425
0.7414414414414414,0.747082108298676,0.003060261994457303
0.7434234234234234,0.747586359699471,0.003060921967711794
0.7454054054054055,0.7480886049996703,0.003061584432993758
0.7473873873873874,0.7485888561459982,0.0030622493631018433
0.7493693693693694,0.7490871249905107,0.0030629167311437833
0.7513513513513513,0.7495834232915326,0.003063586510526406
0.7533333333333333,0.7500777627145809,0.003064258674953191
0.7553153153153153,0.7505701548332802,0.0030649331984262673
0.7572972972972973,0.751060611130264,0.003065610055235979
0.7592792792792793,0.7515491429980686,0.0030662892199591063
0.7612612612612613,0.7520357617400141,0.003066970667452429
0.7632432432432432,0.7525204785710761,0.0030676543728560546
0.7652252252252252,0.7530033046187479,0.003068340311581208
0.7672072072072073,0.7534842509238908,0.003069028459313339
0.7691891891891892,0.7539633284415757,0.0030697187920079028
0.7711711711711712,0.7544405480419153,0.003070411285875929
0.7731531531531531,0.7549159205108857,0.0030711059174051147
0.7751351351351351,0.7553894565511386,0.003071802663325407
0.7771171171171171,0.7558611667828048,0.0030725015006312084
0.7790990990990991,0.7563310617442873,0.003073202406563169
0.7810810810810811,0.7567991518930471,0.0030739053586139597
0.7830630630630631,0.7572654476063776,0.0030746103345178355
0.785045045045045,0.7577299591821718,0.0030753173122515243
0.787027027027027,0.7581926968396806,0.0030760262700331165
0.789009009009009,0.7586536707202612,0.0030767371863098525
0.790990990990991,0.7591128908881187,0.0030774500397723337
0.792972972972973,0.759570367331038,0.003078164809328765
0.7949549549549549,0.7600261099611073,0.003078881474118722
0.7969369369369369,0.7604801286154347,0.0030796000135124846
0.7989189189189189,0.7609324330568551,0.003080320407093051
0.8009009009009009,0.7613830329746304,0.0030810426346634667
0.8028828828828829,0.7618319379851408,0.0030817666762430473
0.8048648648648649,0.762279157632569,0.0030824925120671587
0.8068468468468468,0.7627247013895762,0.003083220122573671
0.8088288288288288,0.7631685786579712,0.0030839494884167262
0.8108108108108109,0.7636107987693713,0.0030846805904529706
0.8127927927927928,0.764051370985856,0.003085413409735116
0.8147747747747748,0.7644903045006136,0.0030861479275261505
0.8167567567567567,0.7649276084385809,0.0030868841252800205
0.8187387387387387,0.7653632918570745,0.0030876219846449615
0.8207207207207207,0.7657973637464173,0.003088361487469049
0.8227027027027027,0.7662298330305553,0.0030891026157831014
0.8246846846846847,0.76666070856767,0.003089845351808229
0.8266666666666667,0.7670899991507827,0.0030905896779542807
0.8286486486486486,0.7675177135083529,0.0030913355768105166
0.8306306306306306,0.7679438603048688,0.003092083031148718
0.8326126126126127,0.768368448141434,0.0030928320239236307
0.8345945945945946,0.7687914855563439,0.003093582538260753
0.8365765765765766,0.7692129810256597,0.0030943345574632186
0.8385585585585585,0.7696329429637736,0.0030950880650069124
0.8405405405405405,0.7700513797239681,0.003095843044538249
0.8425225225225225,0.7704682995989712,0.0030965994798726193
0.8445045045045045,0.7708837108215026,0.003097357354990171
0.8464864864864865,0.7712976215648168,0.0030981166540355876
0.8484684684684685,0.7717100399432375,0.003098877361320529
0.8504504504504504,0.7721209740126892,0.003099639461311421
0.8524324324324324,0.7725304317712209,0.0031004029386363374
0.8544144144144145,0.7729384211595252,0.0031011677780810043
0.8563963963963964,0.7733449500614507,0.0031019339645814714
0.8583783783783784,0.7737500263045111,0.003102701483234327
0.8603603603603603,0.7741536576603862,0.0031034703192822644
0.8623423423423423,0.7745558518454201,0.003104240458116969
0.8643243243243243,0.774956616521111,0.0031050118852833375
0.8663063063063063,0.7753559592945994,0.003105784586467264
0.8682882882882883,0.7757538877191484,0.003106558547498306
0.8702702702702703,0.7761504092946201,0.0031073337543532364
0.8722522522522522,0.7765455314679465,0.00310811019314583
0.8742342342342342,0.7769392616335955,0.003108887850134856
0.8762162162162163,0.7773316071340328,0.0031096667117098686
0.8781981981981982,0.7777225752601774,0.0031104467643991995
0.8801801801801802,0.7781121732518531,0.0031112279948664057
0.8821621621621621,0.7785004082982363,0.003112010389910269
0.8841441441441441,0.7788872875382972,0.003112793936457914
0.8861261261261261,0.779272818061237,0.0031135786215643613
0.8881081081081081,0.7796570069069226,0.0031143644324200803
0.8900900900900901,0.7800398610663124,0.0031151513563389965
0.8920720720720721,0.7804213874818827,0.0031159393807556057
0.894054054054054,0.7808015930480453,0.0031167284932376305
0.896036036036036,0.7811804846115646,0.0031175186814678124
0.8980180180180181,0.7815580689719669,0.0031183099332590114
0.9,0.7819343528819475,0.0031191022365342214
0.901981981981982,0.782309343047774,0.003119895579338783
0.903963963963964,0.7826830461296832,0.0031206899498397167
0.9059459459459459,0.7830554687422768,0.0031214853363172868
0.9079279279279279,0.7834266174549106,0.00312228172715856
0.9099099099099099,0.7837964987920811,0.0031230791108778355
0.9118918918918919,0.7841651192338073,0.00312387747609133
0.9138738738738739,0.7845324852160097,0.0031246768115325008
0.9158558558558558,0.7848986031308844,0.0031254771060367226
0.9178378378378378,0.7852634793272739,0.003126278348555056
0.9198198198198199,0.785627120111034,0.003127080528144255
0.9218018018018018,0.7859895317453963,0.0031278836339643235
0.9237837837837838,0.7863507204513295,0.00312868765528429
0.9257657657657657,0.7867106924078932,0.0031294925814679964
0.9277477477477477,0.7870694537525915,0.003130298401995857
0.9297297297297297,0.7874270105817215,0.0031311051064373263
0.9317117117117117,0.7877833689507182,0.0031319126844671086
0.9336936936936937,0.7881385348744967,0.0031327211258589394
0.9356756756756757,0.78849251432779,0.0031335304204866965
0.9376576576576576,0.7888453132454848,0.003134340558315074
0.9396396396396396,0.7891969375229523,0.003135151529412683
0.9416216216216217,0.789547393016377,0.003135963323935842
0.9436036036036036,0.7898966855430812,0.0031367759321392352
0.9455855855855856,0.7902448208818481,0.0031375893443694736
0.9475675675675675,0.7905918047732388,0.003138403551063984
0.9495495495495495,0.7909376429199085,0.003139218542751898
0.9515315315315315,0.7912823409869194,0.0031400343100522754
0.9535135135135135,0.7916259046020488,0.0031408508436736593
0.9554954954954955,0.7919683393560965,0.003141668134411413
0.9574774774774775,0.7923096508031868,0.00314248617314572
0.9594594594594594,0.7926498444610703,0.003143304950847803
0.9614414414414414,0.7929889258114191,0.0031441244585721506
0.9634234234234235,0.7933269003001231,0.003144944687455853
0.9654054054054054,0.7936637733375808,0.003145765628720376
0.9673873873873874,0.7939995502989872,0.0031465872736702316
0.9693693693693693,0.7943342365246208,0.003147409613691865
0.9713513513513513,0.7946678373201261,0.0031482326402487715
0.9733333333333333,0.795000357956794,0.0031490563448897113
0.9753153153153153,0.7953318036718393,0.00314988071923894
0.9772972972972973,0.7956621796686754,0.003150705754999983
0.9792792792792793,0.7959914911171869,0.0031515314439520825
0.9812612612612612,0.7963197431539996,0.003152357777956194
0.9832432432432432,0.7966469408827463,0.00315318474894144
0.9852252252252253,0.7969730893743328,0.0031540123489184335
0.9872072072072072,0.7972981936671982,0.0031548405699663995
0.9891891891891892,0.7976222587675754,0.0031556694042440547
0.9911711711711712,0.797945289649748,0.0031564988439767294
0.9931531531531531,0.7982672912563042,0.003157328881465693
0.9951351351351351,0.7985882684983892,0.003158159509081715
0.9971171171171171,0.7989082262559546,0.003158990719266619
0.9990990990990991,0.799227169378006,0.00315982250452973
1.001081081081081,0.7995451026828477,0.0031606548574543147
1.003063063063063,0.7998620309583253,0.0031614877706855893
1.005045045045045,0.8001779589620657,0.003162321236941379
1.007027027027027,0.8004928914217161,0.0031631552490027914
1.009009009009009,0.8008068330351783,0.00316398979971777
1.0109909909909909,0.8011197884708438,0.003164824882002648
1.012972972972973,0.8014317623678239,0.0031656604888343765
1.014954954954955,0.8017427593361793,0.0031664966132549655
1.016936936936937,0.8020527839571477,0.003167333248374815
1.018918918918919,0.802361840783368,0.0031681703873589484
1.020900900900901,0.8026699343391035,0.0031690080234425544
1.0228828828828829,0.8029770691204619,0.003169846149915001
1.0248648648648648,0.803283249595615,0.0031706847601322696
1.0268468468468468,0.803588480205015,0.003171523847507629
1.0288288288288288,0.8038927653616089,0.003172363405514078
1.0308108108108107,0.8041961094510509,0.003173203427686566
1.0327927927927927,0.8044985168319135,0.0031740439076155536
1.0347747747747749,0.8047999918358962,0.0031748848389498985
1.0367567567567568,0.8051005387680324,0.0031757262153955246
1.0387387387387388,0.8054001619068937,0.0031765680307171973
1.0407207207207207,0.8056988655047932,0.003177410278735193
1.0427027027027027,0.8059966537879869,0.0031782529533224135
1.0446846846846847,0.8062935309568727,0.003179096048409047
1.0466666666666666,0.8065895011861881,0.0031799395579812373
1.0486486486486486,0.8068845686252053,0.0031807834760759768
1.0506306306306306,0.8071787373979254,0.003181627796787989
1.0526126126126125,0.8074720116032712,0.0031824725142584054
1.0545945945945945,0.8077643953152762,0.0031833176226883086
1.0565765765765767,0.8080558925832738,0.003184163116322969
1.0585585585585586,0.8083465074320848,0.003185008989466054
1.0605405405405406,0.8086362438622016,0.00318585523646564
1.0625225225225226,0.8089251058499726,0.0031867018517268697
1.0645045045045045,0.8092130973477833,0.0031875488296990717
1.0664864864864865,0.8095002222842375,0.0031883961648848658
1.0684684684684684,0.8097864845643344,0.0031892438518312805
1.0704504504504504,0.8100718880696474,0.0031900918851368587
1.0724324324324324,0.8103564366584982,0.0031909402594492153
1.0744144144144143,0.8106401341661311,0.003191788969460374
1.0763963963963963,0.8109229844048851,0.0031926380099118745
1.0783783783783785,0.8112049911643652,0.0031934873755892212
1.0803603603603604,0.8114861582116105,0.00319433706132366
1.0823423423423424,0.811766489291263,0.0031951870619970624
1.0843243243243244,0.8120459881257338,0.003196037372532601
1.0863063063063063,0.8123246584153666,0.0031968879878991885
1.0882882882882883,0.812602503838602,0.003197738903106151
1.0902702702702702,0.8128795280521395,0.0031985901132127736
1.0922522522522522,0.8131557346910973,0.0031994416133189763
1.0942342342342342,0.8134311273691711,0.003200293398568199
1.0962162162162161,0.8137057096787925,0.003201145464144517
1.098198198198198,0.8139794851912847,0.0032019978052781894
1.1001801801801803,0.8142524574570168,0.0032028504172352257
1.1021621621621622,0.8145246300055582,0.0032037032953318167
1.1041441441441442,0.8147960063458305,0.003204556434915462
1.1061261261261262,0.815066589966257,0.0032054098313820667
1.1081081081081081,0.8153363843349145,0.0032062634801615086
1.11009009009009,0.8156053928996791,0.0032071173767318495
1.112072072072072,0.8158736190883744,0.0032079715165993505
1.114054054054054,0.8161410663089167,0.003208825895320677
1.116036036036036,0.8164077379494595,0.0032096805084813607
1.118018018018018,0.816673637378536,0.0032105353517131174
1.1199999999999999,0.8169387679452017,0.0032113904206796384
1.121981981981982,0.817203132979174,0.0032122457110890235
1.123963963963964,0.8174667357909728,0.0032131012186797925
1.125945945945946,0.8177295796720572,0.0032139569392317657
1.127927927927928,0.8179916678949644,0.0032148128685594024
1.12990990990991,0.8182530037134428,0.003215669002513355
1.1318918918918919,0.8185135903625896,0.003216525336979581
1.1338738738738738,0.818773431058982,0.00321738186788334
1.1358558558558558,0.8190325290008107,0.0032182385911803113
1.1378378378378378,0.8192908873680105,0.0032190955028652546
1.1398198198198197,0.8195485093223908,0.0032199525989651256
1.1418018018018017,0.8198053980077643,0.003220809875540631
1.1437837837837839,0.8200615565500752,0.0032216673286857844
1.1457657657657658,0.820316988057525,0.003222524954534123
1.1477477477477478,0.8205716956206994,0.0032233827492442746
1.1497297297297298,0.8208256823126925,0.003224240709013504
1.1517117117117117,0.8210789511892302,0.003225098830069495
1.1536936936936937,0.8213315052887925,0.0032259571086725725
1.1556756756756756,0.8215833476327356,0.00322681554111659
1.1576576576576576,0.8218344812254118,0.003227674123724489
1.1596396396396396,0.8220849090542898,0.0032285328528538493
1.1616216216216215,0.8223346340900713,0.0032293917248908954
1.1636036036036035,0.8225836592868112,0.0032302507362533817
1.1655855855855857,0.8228319875820316,0.003231109883392369
1.1675675675675676,0.8230796218968383,0.0032319691627826774
1.1695495495495496,0.8233265651360353,0.0032328285709373183
1.1715315315315316,0.8235728201882384,0.0032336881043946164
1.1735135135135135,0.8238183899259879,0.0032345477597233163
1.1754954954954955,0.8240632772058596,0.003235407533518808
1.1774774774774774,0.8243074848685763,0.0032362674224126753
1.1794594594594594,0.8245510157391173,0.003237127423056263
1.1814414414414414,0.8247938726268275,0.0032379875321353335
1.1834234234234233,0.825036058325525,0.0032388477463618504
1.1854054054054053,0.8252775756136085,0.0032397080624764207
1.1873873873873875,0.8255184272541635,0.0032405684772480736
1.1893693693693694,0.825758615995068,0.003241428987471595
1.1913513513513514,0.8259981445690964,0.003242289589969083
1.1933333333333334,0.8262370156940229,0.0032431502815912783
1.1953153153153153,0.8264752320727256,0.0032440110592131255
1.1972972972972973,0.826712796393287,0.003244871919740211
1.1992792792792792,0.8269497113290954,0.003245732860098327
1.2012612612612612,0.8271859795389463,0.0032465938772452407
1.2032432432432432,0.82742160366714,0.0032474549681607012
1.2052252252252251,0.8276565863435817,0.0032483161298526575
1.207207207207207,0.8278909301838787,0.003249177359351707
1.2091891891891893,0.8281246377894376,0.0032500386537142045
1.2111711711711712,0.8283577117475601,0.00325090001002426
1.2131531531531532,0.8285901546315393,0.0032517614253877447
1.2151351351351352,0.828821969000754,0.0032526228969333992
1.2171171171171171,0.8290531574007618,0.003253484421819053
1.219099099099099,0.8292837223633939,0.0032543459972229627
1.221081081081081,0.829513666406846,0.003255207620347811
1.223063063063063,0.8297429920357708,0.0032560692884218145
1.225045045045045,0.8299717017413686,0.003256930998692509
1.227027027027027,0.8301997980014777,0.0032577927484367386
1.229009009009009,0.8304272832806636,0.0032586545349446716
1.230990990990991,0.830654160030308,0.0032595163555411144
1.232972972972973,0.8308804306886969,0.00326037820756353
1.234954954954955,0.8311060976811072,0.0032612400883773596
1.236936936936937,0.8313311634198944,0.003262101995369582
1.238918918918919,0.8315556303045778,0.00326296392594716
1.2409009009009009,0.8317795007219263,0.0032638258775397055
1.2428828828828828,0.8320027770460423,0.0032646878475981467
1.2448648648648648,0.8322254616384462,0.0032655498335949495
1.2468468468468468,0.8324475568481593,0.0032664118330283376
1.2488288288288287,0.8326690650117866,0.0032672738434080806
1.2508108108108107,0.8328899884535989,0.0032681358622699275
1.2527927927927929,0.8331103294856131,0.00326899788717383
1.2547747747747748,0.8333300904076744,0.0032698599156961716
1.2567567567567568,0.8335492735075346,0.003270721945432875
1.2587387387387388,0.8337678810609332,0.0032715839740036223
1.2607207207207207,0.8339859153316745,0.0032724459990409738
1.2627027027027027,0.8342033785717071,0.003273308018208798
1.2646846846846846,0.8344202730212005,0.003274170029179624
1.2666666666666666,0.8346366009086224,0.0032750320296508484
1.2686486486486486,0.8348523644508145,0.003275894017338299
1.2706306306306305,0.8350675658530695,0.0032767559899780085
1.2726126126126125,0.835282207309205,0.0032776179453195553
1.2745945945945947,0.835496291001638,0.0032784798811400506
1.2765765765765766,0.8357098191014598,0.0032793417952285964
1.2785585585585586,0.8359227937685084,0.0032802036853942784
1.2805405405405406,0.8361352171514421,0.0032810655494657226
1.2825225225225225,0.8363470913878109,0.00328192738528843
1.2845045045045045,0.8365584186041293,0.0032827891907285522
1.2864864864864864,0.8367692009159463,0.003283650963665563
1.2884684684684684,0.8369794404279168,0.0032845127019986986
1.2904504504504504,0.8371891392338711,0.003285374403647845
1.2924324324324323,0.8373982994168845,0.003286236066546433
1.2944144144144143,0.8376069230493466,0.003287097688644769
1.2963963963963965,0.8378150121930296,0.003287959267913809
1.2983783783783784,0.8380225688991559,0.003288820802338499
1.3003603603603604,0.8382295952084657,0.0032896822899228795
1.3023423423423424,0.8384360931512841,0.003290543728682982
1.3043243243243243,0.838642064747587,0.0032914051166572644
1.3063063063063063,0.838847512007067,0.0032922664518986178
1.3082882882882882,0.8390524369291994,0.003293127732475476
1.3102702702702702,0.8392568415033063,0.0032939889564698177
1.3122522522522522,0.8394607277086212,0.003294850121984716
1.3142342342342341,0.8396640975143534,0.0032957112271376765
1.316216216216216,0.8398669528797503,0.0032965722700581956
1.3181981981981983,0.8400692957541609,0.003297433248896864
1.3201801801801802,0.8402711280770988,0.0032982941618142636
1.3221621621621622,0.8404724517783031,0.0032991550069920716
1.3241441441441442,0.8406732687778007,0.0033000157826195142
1.3261261261261261,0.8408735809859667,0.0033008764869106866
1.328108108108108,0.8410733903035854,0.0033017371180872335
1.33009009009009,0.8412726986219105,0.0033025976743861207
1.332072072072072,0.8414715078227243,0.0033034581540647423
1.334054054054054,0.8416698197783975,0.003304318555385599
1.336036036036036,0.8418676363519468,0.0033051788766369494
1.3380180180180181,0.8420649593970952,0.00330603911611127
1.34,0.8422617907583276,0.0033068992721214663
1.341981981981982,0.8424581322709506,0.0033077593429926555
1.343963963963964,0.8426539857611474,0.0033086193270619457
1.345945945945946,0.8428493530460357,0.0033094792226842085
1.347927927927928,0.8430442359337236,0.0033103390282267497
1.3499099099099099,0.8432386362233651,0.0033111987420668676
1.3518918918918919,0.8434325557052161,0.0033120583625998457
1.3538738738738738,0.8436259961606883,0.0033129178882358445
1.3558558558558558,0.8438189593624048,0.00331377731738991
1.3578378378378377,0.8440114470742536,0.00331463664850129
1.35981981981982,0.8442034610514416,0.0033154958800141188
1.3618018018018019,0.8443950030405477,0.00331635501038674
1.3637837837837838,0.844586074779576,0.0033172140380941517
1.3657657657657658,0.8447766779980086,0.0033180729616217874
1.3677477477477478,0.8449668144168566,0.003318931779465517
1.3697297297297297,0.8451564857487137,0.0033197904901403064
1.3717117117117117,0.8453456936978058,0.0033206490921653398
1.3736936936936937,0.8455344399600436,0.003321507584076455
1.3756756756756756,0.845722726223072,0.0033223659644254777
1.3776576576576576,0.845910554166321,0.003323224231766231
1.3796396396396395,0.8460979254610557,0.0033240823846751866
1.3816216216216217,0.8462848417704254,0.0033249404217357004
1.3836036036036037,0.8464713047495137,0.0033257983415413417
1.3855855855855856,0.8466573160453862,0.0033266561427029995
1.3875675675675676,0.8468428772971396,0.0033275138238364477
1.3895495495495496,0.8470279901359496,0.0033283713835776663
1.3915315315315315,0.8472126561851197,0.0033292288205601928
1.3935135135135135,0.8473968770601267,0.0033300861334464305
1.3954954954954955,0.8475806543686696,0.0033309433208983386
1.3974774774774774,0.8477639897107152,0.003331800381591199
1.3994594594594594,0.8479468846785454,0.003332657314213394
1.4014414414414413,0.8481293408568025,0.0033335141174635208
1.4034234234234235,0.8483113598225357,0.0033343707900499453
1.4054054054054055,0.8484929431452454,0.003335227330695023
1.4073873873873874,0.8486740923869303,0.003336083738123774
1.4093693693693694,0.8488548091021295,0.003336940011086531
1.4113513513513514,0.8490350948379695,0.0033377961483296303
1.4133333333333333,0.8492149511342068,0.0033386521486158394
1.4153153153153153,0.8493943795232718,0.003339508010721026
1.4172972972972973,0.8495733815303134,0.003340363733426388
1.4192792792792792,0.8497519586732409,0.003341219315528221
1.4212612612612612,0.849930112462768,0.0033420747558288166
1.4232432432432431,0.8501078444024542,0.003342930053140236
1.4252252252252253,0.8502851559887483,0.003343785206293415
1.4272072072072073,0.8504620487110295,0.0033446402141119602
1.4291891891891892,0.8506385240516499,0.003345495075449012
1.4311711711711712,0.8508145834859748,0.003346349789153935
1.4331531531531532,0.8509902284824251,0.003347204354090305
1.4351351351351351,0.8511654605025168,0.003348058769133022
1.437117117117117,0.8513402810009028,0.003348913033161649
1.439099099099099,0.8515146914254123,0.0033497671450697375
1.441081081081081,0.8516886932170907,0.003350621103759721
1.443063063063063,0.8518622878102403,0.0033514749081406947
1.445045045045045,0.8520354766324582,0.0033523285571332995
1.4470270270270271,0.8522082611046767,0.0033531820496670584
1.449009009009009,0.8523806426412016,0.003354035384679266
1.450990990990991,0.8525526226497505,0.0033548885611180967
1.452972972972973,0.852724202531492,0.0033557415779397193
1.454954954954955,0.8528953836810826,0.0033565944341076293
1.456936936936937,0.8530661674867057,0.003357447128597979
1.458918918918919,0.8532365553301082,0.003358299660393582
1.4609009009009009,0.8534065485866379,0.003359152028485024
1.4628828828828828,0.853576148625281,0.0033600042318711054
1.4648648648648648,0.8537453568086979,0.0033608562695621735
1.4668468468468467,0.8539141744932612,0.0033617081405743487
1.468828828828829,0.8540826030290903,0.0033625598439348536
1.4708108108108109,0.8542506437600883,0.0033634113786751296
1.4727927927927928,0.8544182980239775,0.0033642627438388306
1.4747747747747748,0.8545855671523352,0.0033651139384751616
1.4767567567567568,0.8547524524706284,0.0033659649616433196
1.4787387387387387,0.8549189552982491,0.0033668158124109393
1.4807207207207207,0.8550850769485491,0.0033676664898507624
1.4827027027027027,0.8552508187288747,0.003368516993047077
1.4846846846846846,0.8554161819406001,0.0033693673210901665
1.4866666666666666,0.855581167879163,0.003370217473077197
1.4886486486486485,0.8557457778340971,0.003371067448115772
1.4906306306306307,0.8559100130890658,0.0033719172453161583
1.4926126126126127,0.8560738749218965,0.0033727668638043884
1.4945945945945946,0.8562373646046126,0.003373616302707827
1.4965765765765766,0.8564004834034674,0.003374465561164053
1.4985585585585586,0.8565632325789762,0.0033753146383153076
1.5005405405405405,0.8567256133859484,0.003376163533314047
1.5025225225225225,0.8568876270735207,0.003377012245321165
1.5045045045045045,0.8570492748851889,0.003377860773501107
1.5064864864864864,0.8572105580588387,0.003378709117026313
1.5084684684684684,0.8573714778267787,0.0033795572750787706
1.5104504504504503,0.8575320354157707,0.003380405246846019
1.5124324324324325,0.8576922320470616,0.003381253031524256
1.5144144144144145,0.8578520689364139,0.003382100628314788
1.5163963963963965,0.8580115472941366,0.0033829480364293563
1.5183783783783784,0.8581706683251158,0.003383795255078148
1.5203603603603604,0.858329433228845,0.00338464228348756
1.5223423423423423,0.8584878431994553,0.0033854891208864313
1.5243243243243243,0.8586458994257449,0.0033863357665113725
1.5263063063063063,0.8588036030912096,0.0033871822196049894
1.5282882882882882,0.8589609553740717,0.0033880284794212123
1.5302702702702702,0.8591179574473097,0.0033888745452104185
1.5322522522522521,0.859274610478687,0.0033897204162378625
1.5342342342342343,0.8594309156307816,0.0033905660917741276
1.5362162162162163,0.8595868740610139,0.0033914115710953485
1.5381981981981983,0.8597424869216761,0.0033922568534823228
1.5401801801801802,0.8598977553599602,0.003393101938226506
1.5421621621621622,0.860052680517986,0.003393946824620686
1.5441441441441441,0.8602072635328298,0.0033947915119652006
1.546126126126126,0.8603615055365511,0.003395635999570601
1.548108108108108,0.8605154076562214,0.003396480286749215
1.55009009009009,0.8606689710139508,0.0033973243728218083
1.552072072072072,0.8608221967269156,0.0033981682571135874
1.554054054054054,0.8609750859073855,0.003399011938956198
1.5560360360360361,0.8611276396627503,0.003399855417688835
1.558018018018018,0.8612798590955466,0.003400698692654913
1.56,0.8614317453034847,0.0034015417632056177
1.561981981981982,0.8615832993794745,0.003402384628694577
1.563963963963964,0.861734522411652,0.0034032272884834125
1.565945945945946,0.8618854154834056,0.0034040697419412957
1.567927927927928,0.8620359796734011,0.0034049119884409507
1.5699099099099099,0.8621862160556084,0.003405754027358432
1.5718918918918918,0.8623361256993263,0.003406595858084005
1.5738738738738738,0.8624857096692081,0.0034074374800023843
1.5758558558558557,0.8626349690252875,0.0034082788925104968
1.577837837837838,0.8627839048230023,0.003409120095010154
1.57981981981982,0.8629325181132198,0.0034099610869091634
1.5818018018018019,0.8630808099422624,0.00341080186761622
1.5837837837837838,0.8632287813519309,0.003411642436551343
1.5857657657657658,0.8633764333795294,0.003412482793136773
1.5877477477477477,0.8635237670578899,0.003413322936797858
1.5897297297297297,0.8636707834153957,0.003414162866972603
1.5917117117117117,0.8638174834760057,0.003415002583095017
1.5936936936936936,0.8639638682592781,0.0034158420846128745
1.5956756756756756,0.8641099387803943,0.0034166813709730626
1.5976576576576575,0.8642556960501815,0.0034175204416304616
1.5996396396396397,0.8644011410751372,0.003418359296043505
1.6016216216216217,0.8645462748574516,0.003419197933675955
1.6036036036036037,0.8646910983950304,0.003420036353998457
1.6055855855855856,0.8648356126815188,0.0034208745564809906
1.6075675675675676,0.8649798187063225,0.0034217125406088567
1.6095495495495495,0.865123717454632,0.0034225503058618045
1.6115315315315315,0.8652673099074443,0.0034233878517293537
1.6135135135135135,0.8654105970415844,0.0034242251777052424
1.6154954954954954,0.8655535798297291,0.003425062283288982
1.6174774774774774,0.8656962592404275,0.003425899167982749
1.6194594594594593,0.8658386362381237,0.003426735831294936
1.6214414414414415,0.8659807117831785,0.0034275722727350466
1.6234234234234235,0.8661224868318903,0.0034284084918261293
1.6254054054054055,0.8662639623365175,0.0034292444880839046
1.6273873873873874,0.8664051392452992,0.0034300802610403025
1.6293693693693694,0.8665460185024765,0.0034309158102199255
1.6313513513513513,0.8666866010483136,0.003431751135165806
1.6333333333333333,0.8668268878191189,0.0034325862354100956
1.6353153153153153,0.8669668797472653,0.003433421110502488
1.6372972972972972,0.8671065777612113,0.0034342557599895684
1.6392792792792792,0.8672459827855212,0.003435090183424583
1.6412612612612612,0.867385095740886,0.0034359243803667727
1.6432432432432433,0.8675239175441429,0.0034367583503740473
1.6452252252252253,0.8676624491082964,0.003437592093014752
1.6472072072072073,0.8678006913425369,0.0034384256078607844
1.6491891891891892,0.8679386451522624,0.003439258894483377
1.6511711711711712,0.8680763114390969,0.003440091952464863
1.6531531531531531,0.8682136911009102,0.003440924781384913
1.655135135135135,0.8683507850318379,0.003441757380828747
1.657117117117117,0.868487594122301,0.0034425897503933545
1.659099099099099,0.8686241192590242,0.003443421889669951
1.661081081081081,0.8687603613250555,0.0034442537982599664
1.663063063063063,0.8688963211997858,0.0034450854757643867
1.6650450450450451,0.8690319997589672,0.003445916921790193
1.667027027027027,0.8691673978747315,0.0034467481359499175
1.669009009009009,0.8693025164156101,0.0034475791178580906
1.670990990990991,0.8694373562465512,0.0034484098671325736
1.672972972972973,0.869571918228939,0.0034492403833992213
1.674954954954955,0.8697062032206122,0.003450070666279448
1.676936936936937,0.8698402120758814,0.0034509007154088778
1.6789189189189189,0.8699739456455479,0.003451730530418251
1.6809009009009008,0.870107404776922,0.003452560110946745
1.6828828828828828,0.8702405903138397,0.003453389456635536
1.6848648648648648,0.8703735030966817,0.0034542185671304626
1.686846846846847,0.8705061439623905,0.003455047442079584
1.688828828828829,0.8706385137444879,0.003455876081136511
1.6908108108108109,0.8707706132730924,0.00345670448395774
1.6927927927927928,0.8709024433749373,0.0034575326502004344
1.6947747747747748,0.8710340048733871,0.0034583605795319716
1.6967567567567567,0.8711652985884547,0.0034591882716150657
1.6987387387387387,0.8712963253368191,0.0034600157261244213
1.7007207207207207,0.8714270859318416,0.0034608429427309684
1.7027027027027026,0.871557581183583,0.003461669921112742
1.7046846846846846,0.8716878118988202,0.003462496660951331
1.7066666666666666,0.871817778881063,0.0034633231619296545
1.7086486486486487,0.8719474829305706,0.0034641494237348525
1.7106306306306307,0.8720769248443672,0.003464975446060281
1.7126126126126127,0.8722061054162596,0.0034658012285970763
1.7145945945945946,0.8723350254368534,0.0034666267710448118
1.7165765765765766,0.8724636856935674,0.0034674520731055036
1.7185585585585585,0.8725920869706516,0.003468277134481612
1.7205405405405405,0.8727202300492021,0.0034691019548800384
1.7225225225225225,0.8728481157071772,0.0034699265340119023
1.7245045045045044,0.8729757447194133,0.0034707508715916546
1.7264864864864864,0.8731031178576398,0.003471574967335078
1.7284684684684684,0.8732302358904961,0.003472398820963951
1.7304504504504505,0.8733570995835452,0.0034732224321984972
1.7324324324324325,0.8734837096992911,0.00347404580076649
1.7344144144144145,0.873610066997192,0.003474868926399699
1.7363963963963964,0.8737361722336772,0.0034756918088270083
1.7383783783783784,0.8738620261621609,0.003476514447785739
1.7403603603603603,0.8739876295330585,0.0034773368430141005
1.7423423423423423,0.8741129830938001,0.0034781589942516344
1.7443243243243243,0.8742380875888467,0.0034789809012480966
1.7463063063063062,0.8743629437597036,0.003479802563745249
1.7482882882882882,0.8744875523449361,0.0034806239814941797
1.7502702702702702,0.8746119140801836,0.0034814451542508618
1.7522522522522523,0.8747360296981741,0.003482266081769936
1.7542342342342343,0.8748598999287387,0.003483086763809151
1.7562162162162163,0.8749835254988259,0.0034839072001318083
1.7581981981981982,0.8751069071325153,0.00348472739050365
1.7601801801801802,0.8752300455510326,0.0034855473346890875
1.7621621621621621,0.8753529414727633,0.0034863670324594143
1.764144144144144,0.8754755956132666,0.003487186483588589
1.766126126126126,0.8755980086852887,0.00348800568784835
1.768108108108108,0.8757201813987777,0.003488824645024202
1.77009009009009,0.875842114460897,0.003489643354890992
1.772072072072072,0.8759638085760385,0.0034904618172368895
1.7740540540540541,0.876085264445836,0.0034912800318451787
1.776036036036036,0.8762064827691799,0.0034920979985078038
1.778018018018018,0.8763274642422292,0.0034929157170131564
1.78,0.8764482095584256,0.0034937331871560673
1.781981981981982,0.8765687194085067,0.003494550408735586
1.783963963963964,0.8766889944805187,0.00349536738154943
1.785945945945946,0.8768090354598305,0.003496184105401978
1.7879279279279279,0.8769288430291453,0.0034970005800945003
1.7899099099099098,0.8770484178685145,0.003497816805436482
1.7918918918918918,0.8771677606553506,0.003498632781234523
1.7938738738738738,0.8772868720644396,0.003499448507306324
1.795855855855856,0.8774057527679539,0.0035002639834615934
1.797837837837838,0.8775244034354647,0.003501079209517588
1.7998198198198199,0.8776428247339548,0.003501894185296006
1.8018018018018018,0.8777610173278314,0.0035027089106156595
1.8037837837837838,0.8778789818789381,0.003503523385301799
1.8057657657657658,0.8779967190465667,0.0035043376091821177
1.8077477477477477,0.8781142294874711,0.0035051515820856416
1.8097297297297297,0.8782315138558777,0.0035059653038422844
1.8117117117117116,0.8783485728034989,0.003506778774286179
1.8136936936936936,0.8784654069795442,0.0035075919932519017
1.8156756756756756,0.8785820170307332,0.003508404960580025
1.8176576576576577,0.8786984036013066,0.003509217676108456
1.8196396396396397,0.8788145673330381,0.0035100301396826517
1.8216216216216217,0.8789305088652474,0.003510842351143406
1.8236036036036036,0.87904622883481,0.0035116543103412834
1.8255855855855856,0.8791617278761708,0.003512466017125959
1.8275675675675676,0.8792770066213542,0.003513277471345999
1.8295495495495495,0.8793920656999766,0.0035140886728579623
1.8315315315315315,0.8795069057392576,0.003514899621517298
1.8335135135135134,0.8796215273640305,0.0035157103171779003
1.8354954954954954,0.8797359311967553,0.0035165207597056547
1.8374774774774774,0.8798501178575285,0.0035173309489593407
1.8394594594594595,0.8799640879640953,0.0035181408848043993
1.8414414414414415,0.8800778421318598,0.003518950567108048
1.8434234234234235,0.8801913809738973,0.0035197599957372816
1.8454054054054054,0.8803047051009639,0.0035205691705637587
1.8473873873873874,0.8804178151215084,0.0035213780914589154
1.8493693693693694,0.8805307116416831,0.003522186758298629
1.8513513513513513,0.8806433952653545,0.0035229951709578877
1.8533333333333333,0.8807558665941136,0.003523803329316788
1.8553153153153152,0.8808681262272874,0.003524611233256092
1.8572972972972972,0.8809801747619492,0.0035254188826576716
1.8592792792792792,0.8810920127929289,0.0035262262774058417
1.8612612612612613,0.881203640912824,0.0035270334173878037
1.8632432432432433,0.8813150597120099,0.003527840302490981
1.8652252252252253,0.8814262697786497,0.0035286469326061276
1.8672072072072072,0.8815372716987059,0.003529453307626884
1.8691891891891892,0.8816480660559496,0.003530259427446003
1.8711711711711712,0.8817586534319705,0.0035310652919586794
1.8731531531531531,0.8818690344061885,0.0035318709010634386
1.875135135135135,0.8819792095558622,0.0035326762546605828
1.877117117117117,0.8820891794560999,0.003533481352651524
1.879099099099099,0.8821989446798696,0.0035342861949376747
1.881081081081081,0.8823085057980085,0.0035350907814275523
1.8830630630630631,0.8824178633792331,0.0035358951120245674
1.885045045045045,0.8825270179901492,0.0035366991866403463
1.887027027027027,0.8826359701952613,0.0035375030051820744
1.889009009009009,0.8827447205569828,0.003538306567566707
1.890990990990991,0.8828532696356457,0.0035391098737025395
1.892972972972973,0.8829616179895093,0.0035399129235105242
1.894954954954955,0.883069766174771,0.0035407157169042858
1.8969369369369369,0.8831777147455748,0.00354151825380411
1.8989189189189188,0.883285464254022,0.003542320534133392
1.9009009009009008,0.8833930152501789,0.0035431225578097525
1.9028828828828828,0.8835003682820877,0.0035439243247619157
1.904864864864865,0.8836075238957749,0.0035447258349112776
1.906846846846847,0.8837144826352611,0.0035455270881890044
1.9088288288288289,0.8838212450425695,0.003546328084524486
1.9108108108108108,0.8839278116577364,0.0035471288238440035
1.9127927927927928,0.8840341830188183,0.0035479293060849404
1.9147747747747748,0.8841403596619029,0.003548729531179129
1.9167567567567567,0.8842463421211167,0.0035495294990599557
1.9187387387387387,0.8843521309286351,0.0035503292096672467
1.9207207207207206,0.8844577266146902,0.0035511286629392735
1.9227027027027026,0.8845631297075808,0.003551927858815418
1.9246846846846846,0.88466834073368,0.0035527267972372822
1.9266666666666667,0.8847733602174445,0.0035535254781511316
1.9286486486486487,0.8848781886814242,0.0035543239014954597
1.9306306306306307,0.884982826646269,0.0035551220672256356
1.9326126126126126,0.8850872746307396,0.0035559199752817072
1.9345945945945946,0.8851915331517135,0.003556717625615269
1.9365765765765766,0.8852956027241963,0.003557515018178581
1.9385585585585585,0.885399483861328,0.0035583121529221273
1.9405405405405405,0.8855031770743926,0.003559109029800833
1.9425225225225224,0.8856066828728261,0.003559905648768291
1.9445045045045044,0.885710001764225,0.003560702009783423
1.9464864864864864,0.885813134254354,0.0035614981128018197
1.9484684684684686,0.8859160808471553,0.0035622939577837354
1.9504504504504505,0.886018842044756,0.003563089544689646
1.9524324324324325,0.8861214183474765,0.0035638848734835804
1.9544144144144144,0.8862238102538389,0.003564679944127791
1.9563963963963964,0.8863260182605741,0.003565474756588527
1.9583783783783784,0.8864280428626314,0.003566269310828485
1.9603603603603603,0.886529884553185,0.0035670636068183548
1.9623423423423423,0.8866315438236427,0.0035678576445277166
1.9643243243243242,0.886733021163654,0.003568651423925706
1.9663063063063062,0.8868343170611174,0.0035694449449845678
1.9682882882882882,0.8869354320021878,0.0035702382076783223
1.9702702702702704,0.8870363664712863,0.0035710312119761056
1.9722522522522523,0.8871371209511051,0.00357182395786082
1.9742342342342343,0.8872376959226177,0.0035726164453051545
1.9762162162162162,0.887338091865085,0.0035734086742873483
1.9781981981981982,0.8874383092560636,0.00357420064478986
1.9801801801801802,0.887538348571413,0.003574992356788931
1.9821621621621621,0.8876382102853037,0.00357578381027035
1.984144144144144,0.8877378948702236,0.0035765750052145773
1.986126126126126,0.8878374027969869,0.0035773659416087344
1.988108108108108,0.88793673453474,0.0035781566194379444
1.99009009009009,0.8880358905509707,0.003578947038686664
1.9920720720720722,0.8881348713115133,0.0035797371993451232
1.9940540540540541,0.8882336772805577,0.003580527101402664
1.996036036036036,0.8883323089206561,0.0035813167448488503
1.998018018018018,0.8884307666927297,0.0035821061296765766
2.0,0.8885290510560767,0.0035828952558780713
