Geometric_AR,BOR_LF_0.50,BOR_LF_0.55,BOR_LF_0.60,BOR_LF_0.65,BOR_LF_0.70,BOR_LF_0.75,BOR_LF_0.80,BOR_LF_0.85,BOR_LF_0.90,BOR_LF_0.95,Thermal_AR_LF_0.50,Thermal_AR_LF_0.55,Thermal_AR_LF_0.60,Thermal_AR_LF_0.65,Thermal_AR_LF_0.70,Thermal_AR_LF_0.75,Thermal_AR_LF_0.80,Thermal_AR_LF_0.85,Thermal_AR_LF_0.90,Thermal_AR_LF_0.95
0.2,0.005627981346102802,0.005131419914980045,0.004717393038978814,0.004366855855200674,0.004066204824111727,0.0038054639571218486,0.0035771512080739597,0.003375544950661684,0.003196194758646913,0.0030355798329643586,0.4750594445942374,0.47636868670406113,0.47767141436044397,0.4789676760641,0.48025751983547926,0.4815409932206967,0.4828181432973752,0.4840890166804012,0.4853536595275964,0.48661211754530603
0.23838383838383842,0.005460221329862771,0.004980046955451649,0.004579639087039739,0.004240592127235615,0.003949759127671939,0.0036974989091306263,0.003476580511548535,0.0032814743072342293,0.003107879359341475,0.0029523973807822454,0.5189304807166862,0.5202408052931992,0.521544011203716,0.5228401563019849,0.5241292978165398,0.5254114923591255,0.5266867959329826,0.5279552639410028,0.5292169511937512,0.530471911917362
0.2767676767676768,0.00535365189832482,0.004884195770628214,0.004492685477416826,0.004161136071835998,0.0038767010409101747,0.0036299594986391706,0.003413845681514318,0.003222956269107748,0.003053088586849697,0.002900923620966435,0.5560358481362166,0.5573313200042419,0.5586192535855175,0.5598997144865399,0.5611727675547007,0.5624384768892343,0.5636969058519762,0.5649481170779367,0.5661921724856923,0.567429133287601
0.3151515151515152,0.005286167022391768,0.004823790756180922,0.0044381483434986066,0.0041115350230347975,0.0038313043835790767,0.0035881822531590698,0.0033752128794122278,0.003187077046230287,0.0030196374832916276,0.0028696274444346666,0.587828442799369,0.5890997000806709,0.5903631396178078,0.5916188333039093,0.5928668521532794,0.5941072663147837,0.5953401450849934,0.5965655569210898,0.5977835694535353,0.5989942494985159
0.3535353535353536,0.00524497311839613,0.004787216285965134,0.0044053934331763495,0.004081984879037323,0.003804476380870766,0.0035636906623141493,0.003352744617813034,0.0031663745622977214,0.0030004863978339755,0.0028518476899013017,0.6153729710618346,0.6166146813911705,0.6178484001711265,0.619074204303704,0.6202921697073636,0.6215023713326993,0.6227048831778133,0.6238997783033987,0.6250871288475364,0.6262670060402127
0.39191919191919194,0.005222163834332571,0.004767295901541746,0.004387852306234777,0.004066431463914509,0.003790603454349219,0.0035512528093015593,0.0033415427541884056,0.0031562450110088113,0.002991293000478593,0.0028434760877062183,0.6394674727450529,0.6406768174159254,0.6418780761302277,0.643071329714595,0.6442566579219899,0.645434139449472,0.6466038519556144,0.6477658720775781,0.6489202754478486,0.6500671367106464
0.43030303030303035,0.0052126003744675615,0.004759366549632374,0.0043812581647868325,0.004060943088943778,0.0037860409791500575,0.003547472695419567,0.0033384286842310803,0.003153701461286526,0.0029892405998691272,0.002841848233098939,0.6607218846916749,0.6618976301392177,0.6630652547955652,0.6642248425057629,0.6653764759645772,0.6665202367361543,0.6676562052732777,0.6687844609362311,0.6699050820112813,0.6710181457287852
0.4686868686868687,0.005212806600583075,0.0047602748777379154,0.004382726474409527,0.004062862522793592,0.003788326407040683,0.003550056358736016,0.0033412558280688114,0.0031567272525637406,0.002992427902440087,0.002845165981420585,0.6796103758648528,0.6807522919430978,0.6818860970140749,0.6830118771904418,0.6841297173701706,0.6852397012578911,0.6863419113857842,0.6874364291340377,0.6885233347508776,0.6896027073721793
0.5070707070707071,0.005220353646648835,0.004767818279553514,0.004390243031613656,0.0040703348433021765,0.0037957412154601324,0.0035574033705336764,0.003348526977166,0.0031639161474529584,0.002999529434398071,0.0028521760406037266,0.6965071309179235,0.6976156197449018,0.6987160406664185,0.6998084814439556,0.7008930285707184,0.7019697672944639,0.703038781639837,0.7041001544302288,0.7051539673091666,0.7062003007612497
0.5454545454545455,0.005233498367840949,0.00478041654174794,0.004402363272046295,0.004082030148183833,0.003807053674264034,0.0035683669807769656,0.0033591696430663853,0.0031742610921121307,0.0030095962207960557,0.002861981325734237,0.711711383286308,0.7127872390305555,0.7138550947216342,0.7149150392614868,0.7159671602396672,0.7170115439574681,0.7180482754515194,0.7190774385168682,0.7200991157295575,0.7211133884687115
0.5838383838383839,0.005250961360058925,0.004796910274215577,0.004418027706703279,0.004096973378005535,0.003821360997413221,0.0035821069519716142,0.003372398235527475,0.003187024636783192,0.0030219335302359433,0.00287392525995933,0.7254652860880124,0.726509537858328,0.7275458756591785,0.7285743891161929,0.7295951665067443,0.7306082947852068,0.731613859607648,0.73261194535597,0.7336026351615133,0.7345860109281387
0.6222222222222222,0.0052717855415141245,0.004816432513918733,0.004436444375092691,0.004114435947098623,0.003837988838168537,0.003597995867809036,0.0033876263307542794,0.003201656460388525,0.0030360230697720693,0.002887518148195391,0.7379669026575596,0.7389807110585804,0.739986704826914,0.7409849739707267,0.7419756071211988,0.742958691558755,0.7439343132387001,0.7449025568162707,0.7458635056711229,0.7468172419312676
0.6606060606060606,0.005295243179317757,0.0048383243259072835,0.004457011589471775,0.004133864529999505,0.0038564252526092015,0.003615557581610747,0.003404409042361404,0.0032177392008188254,0.003051471888503747,0.002902388829724019,0.7493798038978237,0.7503643927525867,0.7513412757506183,0.7523105430037929,0.7532722832244224,0.7542265837523232,0.7551735305812558,0.7561132083847568,0.7570457005413789,0.7579710891593516
0.698989898989899,0.005320773085703086,0.004862077800879814,0.0044792657650547215,0.004154832979119534,0.0038762761192170456,0.003634425669361718,0.00342240412720259,0.0032349519000583757,0.0030679779007264105,0.0029182520596427045,0.7598402633232757,0.7607968747216927,0.7617458955492097,0.7626874157939033,0.7636215240270077,0.7645483074306908,0.7654678518251786,0.7663802416952473,0.767285560216098,0.7681838892786331
0.7373737373737375,0.00534793718045069,0.004887296636731484,0.004502845349329443,0.004177009085371862,0.003897234325000457,0.00365431471665973,0.003441345109330433,0.0032530447478843,0.0030853060682985846,0.0029348859775237233,0.7694627232271405,0.7703925881974495,0.7713149821387693,0.7722299947301571,0.7731377142210976,0.774038227459876,0.7749316199212781,0.7758179757336351,0.7766973777052327,0.7775699073501009
0.7757575757575759,0.00537638981810583,0.004913668308720341,0.004527465360099393,0.004200131118621527,0.0039190580211833515,0.0036750000598917303,0.003461022319978979,0.003271821266906654,0.0031032716026083407,0.002952116218443805,0.7783439979658184,0.77924831768671,0.7801452884412526,0.7810349994491343,0.7819175384916424,0.7827929919405341,0.7836614447862156,0.7845229806652467,0.7853776818871916,0.7862256294608327
0.8141414141414142,0.0054058557274431285,0.004940944057307782,0.004552899079255841,0.004223990963958129,0.003941554994982817,0.0036963032279119846,0.0034812692745788743,0.0032911255140998137,0.003121727898264841,0.0029698045010732913,0.7865665421336563,0.7874464762923984,0.7883191847326132,0.7891847560930607,0.7900432775686157,0.790894834939548,0.7917395126000946,0.7925773935863405,0.7934085596034306,0.7942330910521295
0.8525252525252526,0.005436113883199522,0.004968924260213623,0.004578964674225056,0.004248421799501111,0.003964571252093307,0.0037180813078552415,0.003501952723300272,0.0033108327348701162,0.003140557723017794,0.0029878402964618827,0.794201017654117,0.7950576776591879,0.7959072353528392,0.7967497786951497,0.7975853941996889,0.7984141669631311,0.7992361806941435,0.8000515177415711,0.8008602591219374,0.8016624845462802
0.890909090909091,0.005466985540488895,0.004997447582053289,0.004605515276219819,0.00427328895971163,0.003987982552263241,0.0037402190627386367,0.0035229652773531815,0.0033308424376692946,0.003159666690360405,0.003006134656253,0.801308329189135,0.8021427746767233,0.8029702406341662,0.8037908142648142,0.8046045813253331,0.8054116261555798,0.8062120317077421,0.8070058795747609,0.8077932500180572,0.8085742219945836
0.9292929292929294,0.0054983252392824455,0.00502638281887815,0.004632431524206043,0.00429848307060268,0.004011688050744834,0.0037626230111397923,0.0035442198716399767,0.0033510731941131643,0.003178978359191081,0.0030246155799522802,0.8079412520501759,0.8087544896139144,0.8095608692056844,0.8103604772103995,0.8111533985682018,0.8119397168045404,0.8127195140595022,0.8134928711164149,0.8142598674297454,0.8150205811523119
0.9676767676767678,0.005530013960203795,0.0050556226944286995,0.004659615894346017,0.004323914829851814,0.0040356054642326075,0.003785216927094325,0.0035656455564616095,0.0033714586877871635,0.003198430510793305,0.0030432244957233354,0.8141457447164705,0.814938728121794,0.8157249734399586,0.8165045661892899,0.8172775904470365,0.8180441288795982,0.818804262771995,0.8195580720566015,0.8203056353411661,0.8210470299361379
1.006060606060606,0.005561953860073836,0.005085079089351868,0.004686988340152009,0.004349510994255205,0.004059667355619308,0.003807938382145898,0.003587184264361126,0.0033919446791162576,0.003217972289426553,0.003061913557916153,0.8199620150180714,0.8207356463896883,0.8215026575505996,0.8222631331156528,0.8230171562638301,0.8237648087685769,0.8245061710273652,0.8252413220905129,0.8259703396892834,0.8266933002632832
1.0444444444444445,0.005594064182094352,0.005114679335724592,0.004714482906920483,0.004375211264496109,0.004083818250148151,0.0038307360617248123,0.003608788301409805,0.0034124866507095493,0.0032375619843554044,0.0030806435511499817,0.8254253922849212,0.8261805239124806,0.8269291509530022,0.8276713570903261,0.8284072245789253,0.8291368342742944,0.8298602656625653,0.8305775968893743,0.8312889047880025,0.8319942649068092
1.082828282828283,0.005626278049462822,0.0051443633126753326,0.004742045078689046,0.004400965844470255,0.004108012376483149,0.003853567663466398,0.0036304183828713235,0.003433047963980194,0.003257165293767572,0.0030993822500288925,0.8305670454460785,0.8313044819618519,0.8320355270882492,0.8327602635583551,0.8334787726834751,0.8341911343835475,0.8348974272167766,0.835597728408513,0.8362921138794011,0.8369806582728164
1.1212121212121213,0.0056585399304666046,0.005174081150784848,0.004769629681776154,0.004426733513063214,0.004132211882451425,0.003876398237495858,0.00365204208225027,0.0034535984039631437,0.003276753954533228,0.003118103124724844,0.8354145779161142,0.8361350786744532,0.8368492986978515,0.8375573197553584,0.8382592222027523,0.8389550850129417,0.8396449858055866,0.8403290008759593,0.8410072052230728,0.8416796725770928
1.1595959595959597,0.005690803618904084,0.0052037914036147225,0.00479719921532696,0.004452480089024259,0.004156385414842529,0.00389919886563661,0.00367363259730071,0.003474113021742656,0.003296304652400009,0.0031367843116559104,0.8399925232472536,0.8406968047888681,0.8413949136335359,0.8420869305783673,0.8427729350164803,0.8434530049673652,0.8441272171064635,0.844795646793987,0.8454583681029972,0.8461154538467699
1.1979797979797981,0.0057230306135599915,0.0052334595809158885,0.004824722512410229,0.004478177200083511,0.0041805069809357585,0.003921945602857359,0.0036951677612471136,0.0034945712070898324,0.0033157981490856145,0.003155407789171367,0.8443227603370184,0.8450114988586193,0.8456941700661326,0.8463708537812857,0.8470416284317377,0.8477065710813804,0.8483657574598533,0.8490192619912952,0.8496671578223547,0.8503095168494837
1.2363636363636366,0.005755188809281133,0.005263056964178973,0.004852173659126667,0.004503801289511834,0.004204555029860496,0.003944618623313427,0.0037166292452848384,0.0035149559406543692,0.003335218578519434,0.003173958713093773,0.8484248630221936,0.849098696798502,0.8497665659767466,0.8504285494035254,0.8510847245418255,0.8517351675012401,0.8523799530673974,0.8530191547306246,0.8536528447138704,0.8542810939999086
1.2747474747474747,0.005787251433243181,0.005292559644340594,0.004879531116672605,0.0045293328094201625,0.004228511706817893,0.0039672015272424555,0.0037380019114471863,0.0035352531872829356,0.0033545528760141334,0.003192424877872232,0.8523163958453513,0.8529759275691239,0.853629594753333,0.8542774752727567,0.854919645629458,0.8555561809828985,0.8561871551792632,0.8568126407800193,0.8574327090897333,0.8580474301831692
1.3131313131313131,0.0058191961755570225,0.005321947735506872,0.0049067770041965495,0.004554755561980371,0.004252362244211916,0.003989680775236193,0.003759273284523132,0.003555451401057876,0.0033737903126547166,0.0032107962771469076,0.856013165421083,0.8566589644399487,0.8572989963457862,0.8579333380473808,0.8585620650920549,0.8591852516956611,0.8598029707717864,0.8604152939601911,0.8610222916545058,0.8616240330292083
1.3515151515151516,0.0058510044749339905,0.005351204729111513,0.0049338965099087195,0.004580056158613984,0.004276094461936409,0.004012045224055132,0.0037804331188667543,0.0035755411193704517,0.0033929221135271977,0.0032290647435163806,0.8595294349882817,0.8601620394263961,0.8607889715840553,0.861410307411946,0.8620261215108278,0.8626364871613915,0.8632414763533297,0.8638411598136411,0.8644356070341944,0.8650248862985732
1.38989898989899,0.005882660928858487,0.0053803169608086015,0.004960877405128111,0.0046052235738359175,0.004299698355246598,0.004034285743899423,0.0038014730413149516,0.0035955146283938475,0.0034119411431714052,0.003247223651801398,0.8628781082887215,0.8634980270476624,0.8641123658121722,0.8647211995844188,0.8653246020284007,0.8659226454996586,0.8665154010741986,0.8671029385766518,0.8676853266076938,0.8682626325707458
1.4282828282828284,0.005914152804324365,0.005409273168395094,0.004987709641433638,0.004630248775513884,0.0043231657533099686,0.004056394901407663,0.0038223862555065535,0.0036153656861496325,0.003430841645250435,0.003265267673512845,0.8660708877689925,0.866678602406741,0.8672808268439319,0.8678776351451605,0.868469100048778,0.8690552929964457,0.869636284161901,0.8702121424789618,0.8707829356687918,0.8713487302664489
1.4666666666666668,0.005945469630241593,0.0054380641236555696,0.005014385015286759,0.004655124417144533,0.004346490035117341,0.004078366695982984,0.0038431672960112964,0.0036350892922866534,0.0034496190261871624,0.0032831925728361703,0.869118411193646,0.8697143776834834,0.8703049413339357,0.870890175284066,0.8714701513587417,0.8720449400980196,0.8726146107857463,0.8731792314773988,0.8737388690271871,0.8742935891144428
1.5050505050505052,0.005976602856520362,0.00546668232453452,0.005040896887704224,0.004679844580729409,0.0043696658921795585,0.004100196339610466,0.0038638118230720393,0.00365468149594239,0.0034682696746388,0.0033009950364519132,0.8720303700301728,0.8726150204032992,0.8731943529284645,0.87376843983211,0.8743373520386095,0.8749011591994788,0.8754599297218028,0.8760137307959042,0.8765626284222771,0.8771066874378075
1.5434343434343436,0.006007545567851752,0.005495121736796693,0.00506723994907932,0.004704404561130842,0.004392689129574432,0.004121880072315725,0.0038843164506256913,0.00367413923480216,0.0034867908103257883,0.0033186725310664833,0.8748156123815876,0.8753893562585032,0.875957864974362,0.8765212098565686,0.8770794609426348,0.8776326870092068,0.8781809556003114,0.8787243330548469,0.8792628845333413,0.8797966740440007
1.581818181818182,0.006038292242569328,0.0055233775764551366,0.005093410021191387,0.004728800684594515,0.0044155564985708055,0.004143415006965575,0.003904678601714183,0.0036934601998320367,0.0035051803570134345,0.0033362231837385627,0.8774822327695943,0.8780454587860197,0.8786035300902965,0.8791565171248927,0.8797044890545743,0.8802475137952431,0.8807856580419984,0.8813189872964433,0.8818475658932634,0.8823714570260972
1.6202020202020204,0.006068838548829851,0.005551446125942276,0.005119403889982239,0.004753030155531334,0.004438265555369413,0.004164798998328633,0.003924896386537884,0.0037126427212312084,0.003523436835451757,0.0033536456810394468,0.8800376506872384,0.8805907278207065,0.8811387285199854,0.8816817223570842,0.8822197776384898,0.8827529614338127,0.8832813396036561,0.8838049768267365,0.8843239366262767,0.8848382813956949
1.6585858585858588,0.006099181171800791,0.00557932457831892,0.005145219163899376,0.004777090926769346,0.004460814541524564,0.004186030532276257,0.003944968499302786,0.003731685671993161,0.0035415592728747186,0.0033709391838373294,0.8824886795264549,0.8830319583298251,0.8835702368729765,0.8841035838721992,0.8846320667904093,0.8851557518655955,0.8856747041384957,0.8861889874795251,0.8866986646149817,0.8872037971525497
1.696969696969697,0.006129317666730477,0.005607010904866186,0.005170854153545545,0.004800981589374033,0.004483202282442648,0.004207108631768171,0.003964894130724735,0.0037505883861347505,0.003559547126290452,0.003388103255090384,0.8848415872288882,0.8853754009769672,0.8859042886012052,0.886428317977079,0.886947555738787,0.8874620673074959,0.8879719169188175,0.8884771676495443,0.8889778814436631,0.8894741191376716
1.7353535353535354,0.006159246333685464,0.0056345037422582895,0.005196307769178697,0.0048247012788448,0.004505428101001652,0.004228032776874129,0.003984672893628681,0.0037693505891880277,0.0035774002172989585,0.0034051377985126505,0.8871021497967265,0.8876268155520071,0.8881466273476936,0.8886616522334401,0.8891719560296499,0.8896776033555172,0.890178657656305,0.8906751812298831,0.891167235252549,0.8916548798041553
1.7737373737373738,0.006188966110497024,0.005661802296182188,0.005221579433188324,0.004848249595055741,0.00452749174386185,0.0042488028365781,0.004004304759532112,0.0037879723389790745,0.003595118676577927,0.0034220430063558152,0.8892756986252993,0.8897915182285716,0.8903025541286119,0.8908088725642589,0.8913105385570445,0.8918076159390298,0.8923001673798809,0.8927882544132084,0.8932719374621934,0.8937512758645236
1.8121212121212122,0.006218476481062663,0.005688906258824936,0.005246669005202687,0.0048716265337838665,0.004549393318467348,0.004269419010501512,0.004023790004476912,0.0038064539750643227,0.003612702896502842,0.003438819314859912,0.8913671624739294,0.8918744234652276,0.8923769691645884,0.8928748650150012,0.893368175253998,0.8938569629412819,0.8943412899855987,0.8948212171708768,0.8952968041816578,0.8957681096278396
1.8505050505050507,0.006247777396625385,0.0057158157380733845,0.005271576717864241,0.004894832428018193,0.004571133239078516,0.004289881779003086,0.004043129162669345,0.003824796075474044,0.0036301534906322025,0.0034554673661750562,0.8933811047704959,0.8938800812455224,0.8943744090560699,0.894864152864157,0.8953493761380891,0.8958301411798777,0.8963065091519079,0.896778540102877,0.8972462929930286,0.897709825718703
1.888888888888889,0.0062768692080747155,0.005742531196658883,0.0052963031216534525,0.004917867897565443,0.004592712180452391,0.0043101918603742585,0.004062322986730862,0.00384299941964252,0.0036474712590031174,0.0034719879757578367,0.8953217568439561,0.8958127102507932,0.8962990798963094,0.8967809296763036,0.8972583223044915,0.8977313193397161,0.8981999812124083,0.8986643672503262,0.8991245357035902,0.8995805437690411
1.9272727272727275,0.006305752607603115,0.005769053399751082,0.00532084903739816,0.004940733805702395,0.004614131038026686,0.0043303501740608345,0.004081372413563262,0.0038610649565901474,0.003664657158357557,0.0034883821044139236,0.8971930475941218,0.897676227474718,0.8981548868306166,0.8986290888059882,0.8990988953744297,0.8995643673659632,0.9000255644932933,0.9004825453773427,0.9009353675720917,0.9013840875887417
1.9656565656565659,0.006334428578359284,0.005795383369754282,0.005345215515342839,0.0049634312218320474,0.00463539089363244,0.004350357809015865,0.004100278534992359,0.003878993777573708,0.0036817122765642426,0.0035046508342917375,0.8989986300364753,0.8994742747170688,0.899945460499005,0.9004122497892315,0.9008747038355035,0.9013328827531738,0.9017868455512434,0.9022366501576965,0.9026823534441422,0.9031240112497849
2.004040404040404,0.006362898350926951,0.005821522347263424,0.005369403799808513,0.004985961389268957,0.004656492985941851,0.004370215996431634,0.004119042572489219,0.0038967870925502132,0.0036986378106182993,0.0035207953482454327,0.9007419050993865,0.9012102423337266,0.9016741807389825,0.9021337819990763,0.9025891066499869,0.903040214106331,0.9034871626872077,0.9039300096413329,0.904368811171484,0.9048036224582782
2.0424242424242425,0.006391163365657448,0.005847471757291301,0.005393415298655482,0.005008325697415227,0.004677438684954852,0.004389926086220175,0.0041376658553794925,0.003914446209900058,0.003715435047699633,0.003536816912077586,0.902426042999899,0.9028872905688304,0.9033441978740621,0.9037968258904627,0.9042452344560714,0.9046894822984691,0.9051296270604188,0.9055657253247987,0.905997832638852,0.9064260035377719
2.080808080808081,0.006419225240028918,0.005873233180030903,0.00541725155685537,0.005030525657701808,0.004698229469957651,0.004409489526705576,0.004156149802042425,0.003931972518943961,0.003732105348851277,0.0035527168592471236,0.9040540024807411,0.9045083687514446,0.9049584518700969,0.9054043121162473,0.9058460086435894,0.9062835995061246,0.9067171416835975,0.9071466911062303,0.9075723026787761,0.9079940303039138
2.1191919191919193,0.006447085740332515,0.005898808325507145,0.005440914233606901,0.0050525628827709215,0.004718866910463391,0.004428907847077204,0.004174495903677045,0.00394936747485826,0.0037486501349067313,0.003568496577693875,0.9056285481541262,0.9060762326020513,0.9065196896044891,0.9069589787591544,0.9073941585487387,0.9078252863668655,0.908252418543324,0.908675610368603,0.9090949161177518,0.9095103890735835
2.1575757575757577,0.006474746757089557,0.005924199011592408,0.005464405082498988,0.005074439068444605,0.004739352649719572,0.0044481826422192216,0.004192705710278044,0.003966632585653441,0.0037650708743514685,0.0035841574984818206,0.9071522661662084,0.9075934598624942,0.9080304804616549,0.9084633868927985,0.9088922369806987,0.9093170874715436,0.909737994057967,0.9101550114033855,0.9105681931656654,0.9109775920201375
2.195959595959596,0.006502210283695306,0.005949407144922477,0.005487725934310179,0.005096155978107483,0.004759688390431655,0.004467315559589747,0.004210780818517051,0.003983769400931204,0.003781369072850354,0.0035997010860090743,0.9086275783688819,0.9090624644358424,0.9094932304409912,0.9099199346577955,0.9103426342659319,0.9107613853768304,0.9111762430585043,0.9115872613596919,0.9119944933333307,0.9123979910593852
2.2343434343434345,0.00652947839785091,0.005974434704324688,0.005510878682083504,0.005117715429164036,0.004779875882401363,0.004486308287869272,0.004228722861268159,0.0040007795021758065,0.0037975462642132387,0.003615128829569585,0.9100567551622719,0.9104855091993144,0.9109101949402791,0.9113308700156916,0.9117475909726857,0.9121604133003426,0.9125693914543227,0.9129745788808115,0.913376028039803,0.9137737904277426
2.272727272727273,0.00655655324541948,0.005999283726418641,0.005533865268175957,0.005139119281303048,0.004799916911820078,0.004505162547142215,0.0042465334985566155,0.004017664494373051,0.003813604002602804,0.003630442236082118,0.9114419271511439,0.9118647176333035,0.9122834903573718,0.9126983023233644,0.9131092094581574,0.9135162666406254,0.9139195277260732,0.9143190455699906,0.9147148720511454,0.9151070580940421
2.3111111111111113,0.0065834370263810615,0.006023956293109785,0.0055566876730207375,0.005160369426325118,0.004819813292003144,0.004523880080404864,0.004264214409739463,0.004034425998777846,0.0038295438558181238,0.0036456428238295126,0.9127850957410922,0.9132020843921881,0.9136151046356786,0.9140242128532319,0.9144294643634837,0.9148309134469734,0.9152286133703813,0.9156226164100896,0.9160129738750895,0.9163997361292562
2.3494949494949497,0.006610131982618206,0.006048454520722732,0.005579347905376102,0.005181467779326698,0.004839566855366023,0.004542462646225549,0.004281767286755213,0.0040510656466784456,0.003845367399510011,0.0036607321170731024,0.9140881427853326,0.9144994849275943,0.9149069068639493,0.9153104643696125,0.915710212166728,0.9161062039491056,0.9164984924062631,0.9168871292467982,0.9172721652211089,0.9176536501434873
2.387878787878788,0.006636640387291814,0.00607278055056565,0.005601847993868514,0.005202416271065385,0.004859179446488794,0.00456091201240515,0.0042991938283015885,0.0040675850740244535,0.0038610762122051724,0.0036757116414256655,0.9153528393798779,0.9157586842617416,0.9161606560278427,0.9165588098585704,0.9169531998910596,0.91734387924373,0.9177309000401354,0.9181143134321472,0.9184941696224912,0.9188705178866609
2.4262626262626266,0.0066629645356098876,0.006096936540738499,0.00562418997966597,0.00522321684135432,0.004878652916121262,0.004579229950507773,0.004316495734819963,0.004083985916807044,0.0038766718710325906,0.003690582919883767,0.9165808538935376,0.9169813449971775,0.91737800899945,0.9177709004972813,0.9181600730540163,0.918545579223761,0.918927470575042,0.9193057977138018,0.9196806103057549,0.9200519570981223
2.464646464646465,0.006689106736804414,0.0061209246590324794,0.005646375910132021,0.00524387143335171,0.0048979891160118765,0.004597418231150287,0.004333674704182782,0.004100269807092344,0.0038921559480605897,0.003705347469432242,0.9177737593092914,0.9181690346393281,0.9185605278410752,0.9189482929390975,0.9193323829339076,0.9197128498261155,0.9200897446398979,0.9204631174458099,0.9208330173829594,0.9211994926805668
2.5030303030303034,0.0067150693071663615,0.006144747076775574,0.005668407833339908,0.005264381988633083,0.0049171898944521415,0.004615478619950965,0.004350732427991731,0.004116438369623807,0.003907530007165418,0.003720006798146848,0.9189330399449642,0.9193232322996789,0.9197096864909746,0.9200924559818973,0.9204715932208287,0.9208471496654442,0.9212191758059948,0.9215877211879352,0.9219528344339211,0.9223145632651932
2.541414141414142,0.006740854564022027,0.006168405963509727,0.005690287793336412,0.005284750442946486,0.004936257092446505,0.004633412874055565,0.004367670588409998,0.0041324932189207245,0.003922795601362337,0.0037345624027305896,0.9200600976135775,0.9204453348398558,0.920826876891218,0.92120477667978,0.921579086112241,0.921949856113652,0.9223171366505112,0.9226809767532133,0.9230414245378677,0.9233985272275123
2.57979797979798,0.00676646482050123,0.0061919034823979275,0.005712017826064198,0.005304978722563342,0.004955192540429737,0.00465122273916567,0.004384490855459446,0.004148435956808583,0.003937954270540168,0.003749015766426969,0.9211562572771286,0.9215366625102629,0.9219134146112367,0.9222865659515739,0.9226561679064912,0.9230222708784779,0.9233849243202086,0.9237441767568126,0.9241000758075186,0.9244526682066966
2.618181818181818,0.006791902381032701,0.006215241786263232,0.005733599955855235,0.005325068741154613,0.00497399805546232,0.00466890994700661,0.0044011948847238825,0.004164268170326781,0.003953007539547128,0.0037633683572625763,0.9222227722417415,0.922598464131135,0.9229705440148249,0.9233390637338368,0.9237040741418604,0.9240656251286443,0.9244237656427275,0.924778543713531,0.92513000647283,0.9254782001756273
2.6565656565656566,0.006817169537460214,0.006238423014190356,0.005755036192430148,0.005345022397120077,0.004992675438839753,0.004686476213179197,0.00441778431540747,0.004179991429965404,0.003967956916583476,0.0037776216265762498,0.9232608289370129,0.9236319218587445,0.9239994430132576,0.9243634437209312,0.9247239743236452,0.9250810842079916,0.9254348218278259,0.9257852347261839,0.9261323695565835,0.926476272103731
2.694949494949495,0.006842268565701918,0.006261449288613882,0.005776328528337272,0.005364841571320484,0.005011226474073053,0.004703923235347501,0.004434260768702162,0.004195607288189194,0.003982803891861376,0.003791777007797855,0.9242715513178679,0.9246381555750092,0.9250012274426939,0.925360817730271,0.9257169762772944,0.9260697519765506,0.9264191927964339,0.9267653458026901,0.9271082571795487,0.9274479722502654
2.7333333333333334,0.006867201722900267,0.006284322712837615,0.005797478936778743,0.00538452812515884,0.005029652925184723,0.004721252691719668,0.004450625846426711,0.004211117278212359,0.003997549936498174,0.003805835915445183,0.9252560049232581,0.9256182269347605,0.925976955100062,0.926332239726868,0.9266841301616601,0.9270326748125444,0.9273779211714515,0.9277199158357085,0.9280587045290053,0.9283943321217729
2.771717171717172,0.0068919712449845745,0.006307045368927752,0.005818489369774422,0.0054040838989698374,0.005047956535286656,0.0047384662397859,0.0044668811299017844,0.00422652291299255,0.004012196501613288,0.0038197997443104857,0.9262152006225134,0.926573143101426,0.926927629468115,0.9272787095378024,0.9276264321729285,0.9279708453058223,0.928311995960728,0.9286499302752084,0.9289846935209457,0.9293163301239594
2.81010101010101,0.006916579344614602,0.006329619315943935,0.005839361756625504,0.0054235107106773255,0.0050661390254023156,0.004755565515280609,0.004483028179031604,0.004241825684415705,0.0040267450176024065,0.003833669868812454,0.9271500980770331,0.9275038601987539,0.9278542031572291,0.928201176284138,0.9285448279666919,0.9288852056701297,0.9292223559595724,0.9295563245212601,0.9298871561831895,0.9302148949351727
2.8484848484848486,0.006941028209443842,0.00635204658845384,0.005860098002636196,0.005442810354688199,0.005084202093504468,0.004772552131341221,0.0044990685315668974,0.004257027062647941,0.004041196893566571,0.003847447642492631,0.9280616089422365,0.9284112865034455,0.9287575810887597,0.9291005415550402,0.9294402158228691,0.9297766508988708,0.9301098928973982,0.9304399870616026,0.9307669777839122,0.9310909086259327
2.886868686868687,0.006965320000672632,0.006374329195305136,0.005880699988065724,0.005461984600992412,0.005102147413739398,0.004789427677838251,0.004515003702525084,0.004272128495632874,0.004055553516876091,0.0038611343976366883,0.9289505998322284,0.9292962854011074,0.9296386234423156,0.929977662346412,0.9303134495757411,0.9306460316865836,0.9309754543506733,0.931301762376107,0.9316249997276608,0.9319452095465379
2.9252525252525254,0.006989456851857021,0.006396469118621052,0.005901169567281126,0.0054810351944437905,0.0051199766358162035,0.004806193720855711,0.004530835183747631,0.004287131408715766,0.004069816252851837,0.003874731445005253,0.9298178950674458,0.9301596781257404,0.9304981483871297,0.9308333537841816,0.9311653413291927,0.9314941571361688,0.9318198464421777,0.9321424536280972,0.9324620222387745,0.9327785950026208
2.963636363636364,0.007013440867931581,0.00641846831299761,0.005921508568083643,0.005499963854202156,0.005137691384539539,0.004822851802302264,0.004546564443577994,0.004302037204378186,0.004083986444548552,0.0038882400736591563,0.9306642792235928,0.9310022463010365,0.931336934615752,0.9316683916504273,0.9319966639753028,0.9323217972699843,0.9326438363446324,0.9329628251605507,0.9332788068501909,0.933591823736596
3.0020202020202023,0.007037274124435513,0.006440328704863967,0.0059417187911925485,0.005518772273305775,0.005155293259467576,0.004839403439635958,0.004562192926643925,0.004316847262068552,0.0040980654126269766,0.003901661550866966,0.9314904994984337,0.9318247343000143,0.93215572369656,0.9324835147287966,0.9328081535327082,0.9331296853611843,0.933448154605049,0.9337636048134905,0.9340760787139145,0.9343856182312368
3.0404040404040407,0.0070609586669013995,0.006462052192002388,0.005961802009860856,0.005537462118376598,0.005172783834679537,0.0048558501256903055,0.0045777220537305775,0.0043315629381163,0.004112054455302655,0.003914997122083628,0.9322972679114473,0.9326278514379616,0.9329552222600233,0.933279426984124,0.9336005113196042,0.9339185201001364,0.9342334973045953,0.9345454860773317,0.9348545287478751,0.9351606668500781
3.078787878787879,0.0070844965104054705,0.0064836406431963,0.005981759969609601,0.005556035029421126,0.00519016465863823,0.004872193328584081,0.0045931532217323495,0.004346185565718172,0.004125954848361411,0.003928248010990411,0.933085263349954,0.9334122740122653,0.9337361040322661,0.9340567995897582,0.9343744059748685,0.9346889676093716,0.9350005280674015,0.9353091300955738,0.9356148156325371,0.9359176258279728
3.1171717171717175,0.0071078896392362464,0.006505095897993862,0.006001594388067257,0.0055744926197291165,0.005207437254136671,0.004888434491709026,0.004608487803673532,0.004360716454987199,0.004139767845232169,0.003941415419588063,0.933855133474073,0.9341786472014578,0.9344990117282331,0.9348162728148751,0.9351304753395505,0.9354416633192792,0.935749879930491,0.9360551675289956,0.9363575676693875,0.9366571211239006
3.155555555555556,0.007131140006689369,0.006526419766577636,0.006021306954893546,0.005592836475849033,0.00522460311831524,0.004904575033780751,0.004623727148788141,0.0043751568930556085,0.004153494677109349,0.003954500528335103,0.9346074964917419,0.9349275868346846,0.9352445588156318,0.9355584577829246,0.9358693282098498,0.9361772137156458,0.936482157085905,0.9367842002923953,0.9370833845123178,0.937379750147021
3.1939393939393943,0.007154249534954657,0.006547614029716391,0.006040899331790321,0.005611068157637395,0.005241663722742093,0.0049206163489467864,0.004638872582649533,0.0043895081442241034,0.004167136553117446,0.0039675044963252614,0.9353429428140262,0.9356596810417944,0.9359733311598318,0.9362839381113647,0.9365915459717126,0.9368961979691393,0.9371979365051033,0.9374968031739317,0.9377928387819341,0.9380860833659761
3.2323232323232327,0.00717722011509949,0.00656868043879766,0.00606037315257016,0.005629189198363175,0.005258620513548166,0.004936559806943354,0.004653925407346356,0.004403771450150932,0.004180694660512056,0.003980428461497866,0.9360620366000283,0.936375491793342,0.9366858885589862,0.9369932714419269,0.9372976841262664,0.937599169455939,0.9378977694548135,0.9381935253462199,0.9384864775719217,0.9387766658105513
3.270707070707071,0.007200053607121637,0.006589620715926267,0.006079730023289576,0.005647201104867588,0.005275474911606789,0.004952406753293059,0.004668886901693101,0.004417948030074799,0.004194170164911554,0.003993273540876396,0.936765317199896,0.9370755563389788,0.9373827661778287,0.9376869908698457,0.9379882737145053,0.9382866571779015,0.9385821829127015,0.9388748917775291,0.9391648238557965,0.939452018474002
3.3090909090909095,0.007222751840072678,0.006610436554081429,0.006098971522436333,0.005665105357770757,0.005292228312755655,0.004968158509538624,0.004683758321474705,0.004432039081066819,0.004207564210554796,0.004006040830830615,0.9374533005036837,0.937760388551968,0.9380644758878662,0.9383656062797509,0.938663822648906,0.9389591670899218,0.939251680890502,0.9395414045507063,0.939828377801642,0.9401126396236287
3.347474747474748,0.007245316612239109,0.00663112961732247,0.006118099201150502,0.005682903411710707,0.005308882088050002,0.004983816373506832,0.00469854089971719,0.00444604577830621,0.004220877920580647,0.004018731407358335,0.9381264802031571,0.9384304801868943,0.9387315075210168,0.9390296055952548,0.9393248169589876,0.9396171833414888,0.9399067456715907,0.9401935440967853,0.9404776180017802,0.9407590060265288
3.3858585858585863,0.007267749691370925,0.006651701541039797,0.006137114583492376,0.0057005966956209676,0.005325437584047736,0.0049993816195979925,0.004713235846981209,0.0044599692753766506,0.004234112397325647,0.004031346326383414,0.9387853289730261,0.9390863020570385,0.9393843300431457,0.9396794559486743,0.9399717219572379,0.9402611694388373,0.9405478389693824,0.9408317703496543,0.9411130026237259,0.941391574096861
3.4242424242424243,0.007290052814957104,0.0066721539322373465,0.006156019166738585,0.005718186613031862,0.005341896123116023,0.005014855499096874,0.004727844351674652,0.004473810704579164,0.0042472687226364275,0.004043886624067162,0.9394302995775442,0.9397283051373383,0.9400233926534101,0.9403156047767757,0.9406049833312813,0.9408915693335582,0.9411754030124048,0.9414565238276104,0.9417349704882442,0.9420107809704232
3.4626262626262627,0.007312227690531692,0.006692488369859036,0.006174814421702209,0.005735674542401105,0.005358259003760208,0.005030239240501195,0.004742367580380537,0.004487571177258812,0.004260347958194276,0.00405635331713006,0.940061825907921,0.9403569215983684,0.9406491258148235,0.9409384808479468,0.9412250281676763,0.9415088084430411,0.9417898615614032,0.9420682266471481,0.9423439420798401,0.942617045511863
3.501010101010101,0.007334275996020366,0.006712706405123628,0.006193501793084911,0.005753061837454193,0.005374527500968858,0.005045534049865012,0.004756806678197554,0.004501251784142033,0.0042733511458490255,0.004068747403181819,0.9406803239555381,0.940972565776316,0.9412619422210124,0.9415484952257497,0.9418322659122833,0.9421132946076742,0.9423916208633942,0.9426672834738817,0.9429403204945684,0.9432107692593926
3.5393939393939395,0.0073561993801034495,0.006732809561901383,0.006212082699836244,0.005770349827551953,0.0053907028665725575,0.005060741111153576,0.0047711627690911786,0.004514853595682912,0.004286279307960476,0.004081069861057933,0.9412861927255615,0.9415756350835333,0.9418622377037241,0.9421460421734041,0.9424270892717411,0.9427054189893335,0.9429810705471804,0.9432540824151058,0.9435244923296566,0.943792337311491
3.577777777777778,0.007377999462608712,0.0067527993370879785,0.006230558535537833,0.00578753981806201,0.005406786329613633,0.005075861586607373,0.004785436956251478,0.0045283776624156676,0.004299133447744998,0.004093321651160168,0.9418798150951596,0.942166510863864,0.9424503920852808,0.9427315000033847,0.9430098750602233,0.943285556915313,0.9435585844644746,0.943828995858128,0.9440968285190626,0.9443621191597033
3.6161616161616164,0.0073996778349208125,0.006772677201017097,0.006248930668793438,0.005804633090747336,0.0054227790967245944,0.005090896617113574,0.004799630322457686,0.004541825015311891,0.0043119145496259455,0.004105503715800428,0.9424615586202121,0.9427455591966198,0.9430267699798377,0.943305231875977,0.9435809849953097,0.9438540686715282,0.9441245214804496,0.9443923812581806,0.9446576851187645,0.9449204694713234
3.6545454545454548,0.007421236060398288,0.0067924445978663015,0.006267200443634459,0.0058216309041577066,0.005438682352512224,0.005105847322582194,0.004813743930446144,0.004555196666140779,0.0043246235795863465,0.004117616979545911,0.9430317762940765,0.943313131652761,0.9435917215469948,0.9438675865503362,0.9441407664465056,0.9444113002485114,0.9446792262172239,0.9449445818794139,0.9452074040452744,0.945467728825444
3.692929292929293,0.0074426756748205425,0.006812102946081289,0.006285369179931395,0.005838534494031013,0.00545449725994925,0.005120714802325706,0.004827778823281124,0.004568493607831194,0.004337261485522361,0.004129662349564614,0.9435908072617055,0.9438695660065678,0.9441455832010368,0.9444188990913097,0.9446895531396624,0.9449575840434445,0.9452230297535231,0.9454859274921967,0.9457463137705951,0.9460042244055831
3.7313131313131316,0.007463998186822814,0.00683165363880616,0.006303438173806041,0.005855345073695889,0.005470224960764075,0.005135500135441447,0.004841736024726343,0.004581716814833951,0.0043498291975969106,0.004141640715970353,0.9441389774921513,0.9444151869058293,0.9446886782788204,0.9449594915350369,0.9452276658203044,0.945493239521226,0.945756250283499,0.9460167350297048,0.9462747299765888,0.9465302706518456
3.76969696969697,0.007485205078353269,0.006851098044319172,0.006321408698056887,0.0058720638344792325,0.0054858665758362405,0.005150204381193229,0.0048556165396171965,0.004594867243483403,0.0043623276285917854,0.004153552952166063,0.9446766004122559,0.9449503065033409,0.9452213176690919,0.9454896735161007,0.9457554128786261,0.9460185738373283,0.946279193737461,0.946537309206538,0.9467929561714937,0.9470461698753538
3.8080808080808084,0.007506297805130134,0.00687043750647061,0.006339282002576778,0.005888691946113205,0.0055014232055903495,0.005164828579394186,0.004869421354231028,0.00460794583235817,0.00437475767425823,0.004165399915184873,0.94520397750412,0.9454752250522942,0.9457438004058114,0.9460097428587989,0.9462730909387246,0.9465338824250039,0.9467921543670675,0.947047943101908,0.9473012842711219,0.9475522128374666
3.846464646464647,0.00752727779710236,0.006889673345123878,0.0063570593147791055,0.005905230557142906,0.005516895930389775,0.005179373750786755,0.004883151436656332,0.0046209535026385164,0.00438712021366445,0.004177182446028216,0.9457213988687398,0.9459902314679436,0.9462564142278624,0.9465199861349084,0.9467809854144299,0.9470394495491923,0.9472954152973233,0.9475489187097399,0.9477999951470751,0.9480486792961207
3.884848484848485,0.007548146458911064,0.0069088068565977215,0.006374741840019862,0.005921680795332851,0.005532285810927927,0.005193840897421736,0.004896807737158672,0.004633891158461538,0.004399416109540149,0.004188901370000401,0.9462291437580267,0.946495603857758,0.946759436107346,0.947020679190134,0.9472793710339206,0.9475355488293153,0.9477892490475641,0.9480405074578571,0.9482893591441411,0.9485358385214511
3.9232323232323236,0.007568905170356904,0.006927839314105566,0.00639233076201823,0.0059380437680713275,0.0055475938886178884,0.005208231003032893,0.004910391188543784,0.004646759687272394,0.00441164620861707,0.004200557497039293,0.9467274810772608,0.9469916100221015,0.9472531327485001,0.9475120876412773,0.9477685123351526,0.9480224437329774,0.9482739180234397,0.9485229706982569,0.9487696365688744,0.9490139497826863
3.961616161616162,0.007589555286857154,0.006946771968196065,0.006409827243277725,0.005954320562772623,0.005562821185978146,0.005222545033409591,0.004923902706516422,0.004659559960171588,0.004423811341965304,0.004212151622042293,0.9472166698598774,0.947478507927336,0.9477377610591299,0.9479944673460059,0.9482486641339787,0.9485003880424434,0.9487496749817619,0.9489965601703402,0.9492410781512156,0.9494832628081684
4.0,0.007610098139907042,0.006965606047190111,0.006427232425499878,0.005970512247273803,0.005577968707015007,0.005236783936764411,0.004937343190035054,0.00467229283225764,0.004435912325325018,0.004223684525187998,0.9476969597163457,0.9479565461531028,0.948213568596302,0.9484680648469693,0.9487200719666959,0.9489696262956304,0.9492167634699484,0.9494615184388168,0.9497039254808698,0.9499440182202136
