a,tau_rq_03_LF95,tau_rq_08_LF95,tau_rq_03_LF05,tau_rq_08_LF05
0.1,91484.12149940355,26595.113091985873,1856988.1529079382,514882.04433340667
0.10480961923847695,90062.77845860319,26181.918121175124,1828137.05673163,506882.5795240832
0.10961923847695391,88725.84179196152,25793.260709775168,1800999.281230796,499358.1624691603
0.11442885771543086,87464.9128603905,25426.6993110705,1775404.346839897,492261.5247641062
0.11923847695390782,86272.73813911201,25080.12527157432,1751205.0180675825,485551.84282549255
0.12404809619238477,85143.01420680291,24751.70613992557,1728273.3450737253,479193.64034984796
0.12885771543086172,84070.23206610253,24439.84040970509,1706497.5036131416,473155.91213346244
0.13366733466933867,83049.55171802761,24143.121057287226,1685779.2490874808,467411.41816429666
0.13847695390781564,82076.70025352528,23860.305916297857,1666031.847959169,461936.1100707608
0.1432865731462926,81147.88840347157,23590.29341807962,1647178.383843634,456708.66145652387
0.14809619238476954,80259.7417070791,23332.10258183722,1629150.360332954,451710.08050923335
0.1529058116232465,79409.24335431642,23084.85639850454,1611886.5407841345,446923.38831177383
0.15771543086172346,78593.6864235025,22847.76794585879,1595331.9788151123,442333.35003053525
0.1625250501002004,77810.63373494393,22620.12871767496,1579437.2033948177,437926.2489675552
0.16733466933867736,77057.88392027946,22401.298759832473,1564157.5301026094,433689.6955953008
0.1721442885771543,76333.44259692638,22190.698290512682,1549452.4760134974,429612.46532348724
0.17695390781563125,75635.497760501,21987.800546593033,1535285.2602018046,425684.36000509077
0.1817635270541082,74962.39868182536,21792.125648850175,1521622.3753825843,421896.089166531
0.18657314629258517,74312.63773120866,21603.235318143772,1508433.2189722524,418239.1677128585
0.19138276553106212,73684.83466002301,21420.728305953824,1495689.7740285462,414705.82746284624
0.1961923847695391,73077.7229548044,21244.236427416596,1483366.3322595828,411288.940348466
0.20100200400801604,72490.13794719067,21073.421104795347,1471439.252673732,407981.95149639744
0.205811623246493,71921.00641772203,20907.97034522794,1459886.7505526235,404778.82071714726
0.21062124248496994,71369.33747574668,20747.596089447758,1448688.7123271355,401673.9711762204
0.2154308617234469,70834.2145336037,20592.031878619084,1437826.532665551,398662.2442239965
0.22024048096192383,70314.78822259392,20441.030794957285,1427282.970678566,395738.8595260845
0.2250501002004008,69810.27012232541,20294.363638802948,1417042.0226345675,392899.3797714348
0.22985971943887776,69319.92719486734,20151.817310589176,1407088.8089814442,390139.679347185
0.2346693386773547,68843.07683157957,20013.193370918118,1397409.4738047817,387455.91646170616
0.23947895791583165,68379.08243414744,19878.306755935046,1387991.0951296068,384844.5082742137
0.24428857715430863,67927.34946276036,19746.98462850447,1378821.6047044385,382302.1086535088
0.24909819639278558,67487.32189392857,19619.06534847128,1369889.7161003724,379825.58824220847
0.2539078156312625,67058.47903847577,19494.39754762748,1361184.8601211817,377412.01654807845
0.25871743486973947,66640.33267702918,19372.839296977974,1352697.1266581356,375058.64582227875
0.2635270541082164,66232.42447607845,19254.257355569658,1344417.2122399334,372762.8965166766
0.2683366733466934,65834.32365255742,19138.526491568053,1336336.372627277,370522.3441398726
0.2731462925851703,65445.62485906682,19025.528867475776,1328446.379886117,368334.7073550161
0.2779559118236473,65065.94626541414,18915.153482422043,1320739.4834458383,366197.8371825152
0.2827655310621242,64694.92781519997,18807.295665339294,1313208.3747106194,364109.70718792453
0.2875751503006012,64332.22963880183,18701.856613605836,1305846.1548454266,362068.4045500554
0.29238476953907816,63977.530606371314,18598.7429723914,1298646.3054040603,360072.121917095
0.2971943887775551,63630.52700641363,18497.866450510377,1291602.661506337,358119.14996951586
0.30200400801603206,63290.93133721436,18399.143469080613,1284709.3873058956,356207.8706181013
0.306813627254509,62958.47119984938,18302.49483971321,1277960.9535199853,354336.75077369256
0.311623246492986,62632.88828279646,18207.845469331514,1271352.1168186301,352504.33663247636
0.3164328657314629,62313.9374292842,18115.12408904259,1264877.900893236,350709.24842693075
0.3212424849699399,62001.38577949327,18024.26300476874,1258533.579044582,348950.1755980445
0.3260521042084168,61695.01198058177,17935.197867595998,1252314.658147541,347225.8723492587
0.3308617234468938,61394.60545825918,17847.86746201527,1246216.8638651427,345535.15354681003
0.33567134268537074,61099.96574429667,17762.213510424615,1240236.1269980557,343876.8909348898
0.3404809619238477,60810.90185494509,17678.18049243072,1234368.5708674225,342250.0096373163
0.34529058116232464,60527.23171574832,17595.715477637896,1228610.499639449,340653.4849203257
0.3501002004008016,60248.78162869674,17514.767970745583,1222958.3875094296,339086.3391936558
0.3549098196392786,59975.38577806956,17435.28976789311,1217408.868671101,337547.6392293772
0.3597194388777555,59706.88577167541,17357.234823294904,1211958.728004528,336036.4935799472
0.3645290581162325,59443.130214519646,17280.559125302403,1206604.8924221955,334552.05017876584
0.3693386773547094,59183.9743122123,17205.220581111822,1201344.4228188007,333093.4941081154
0.3741482965931864,58929.27950168473,17131.178909410723,1196174.506575358,331660.0455207953
0.3789579158316633,58678.91310701039,17058.395540322566,1191092.4505728902,330250.957703046
0.3837675350701403,58432.74801832856,16986.83352206747,1186095.6746750681,328865.5152674989
0.3885771543086173,58190.662392052574,16916.457433810494,1181181.7056428932,327503.0324659177
0.39338677354709417,57952.53937070728,16847.23330421631,1176348.1714478277,326162.8516124138
0.3981963927855712,57718.26682088819,16779.128535272044,1171592.7959527655,324844.341608655
0.40300601202404807,57487.73708796709,16712.11183097827,1166913.3939329265,323546.896563322
0.40781563126252507,57260.84676628808,16646.153130543353,1162307.86641119,322269.93449874874
0.41262525050100196,57037.49648370603,16581.223545747205,1157774.1962845526,321012.8961382827
0.41743486973947896,56817.590699416854,16517.295302168994,1153310.4442203916,319775.2437684526
0.42224448897795586,56601.03751411702,16454.34168399913,1148914.7448029914,318556.46017052716
0.42705410821643286,56387.74849160941,16392.33698217876,1144585.3029124169,317356.04761649395
0.43186372745490986,56177.638491045094,16331.25644563121,1140320.390319274,316173.52692489873
0.43667334669338675,55970.6255090566,16271.076235368932,1136118.3424802586,315008.43657235603
0.44148296593186376,55766.63053109723,16211.7733812768,1131977.5555205706,313860.3318568712
0.44629258517034065,55565.577391356295,16153.325741388342,1127896.483390405,312728.784109428
0.45110220440881765,55367.39264066854,16095.711963486105,1123873.6351837188,311613.379950571
0.45591182364729455,55172.005421882306,16038.911448870214,1119907.5726083892,310513.72058896325
0.46072144288577155,54979.34735219094,15982.904318151266,1115996.9075977262,309429.42115913634
0.46553106212424844,54789.352411970816,15927.671378934683,1112140.3000540498,308360.1100958588
0.47034068136272544,54601.95683970266,15873.194095273582,1108336.4557157548,307305.4285427426
0.47515030060120245,54417.09903258508,15819.454558776419,1104584.1241399182,306265.0297928863
0.47995991983967934,54234.719452477846,15766.435461263934,1100882.0967930886,305238.5787595133
0.48476953907815634,54054.76053683873,15714.120068877894,1097229.2052434422,304225.7514747162
0.48957915831663323,53877.16661434227,15662.49219755081,1093624.319447971,303226.2346145497
0.49438877755511024,53701.88382489109,15611.536189752629,1090066.3461288349,302239.7250488469
0.49919839679358713,53528.86004375085,15561.236892436234,1086554.2272334166,301265.9294142419
0.5040080160320641,53358.0448095586,15511.579636108907,1083086.9384730035,300304.5637089949
0.508817635270541,53189.38925597236,15462.550214962343,1079663.4879353729,299355.35290830705
0.513627254509018,53022.84604674468,15414.134867998102,1076282.9147668902,298418.0305989099
0.518436873747495,52858.369314019,15366.320261089852,1072944.2879200163,297492.33863178926
0.5232464929859719,52695.914599660115,15319.093469927753,1069646.7049624047,296578.0267919881
0.5280561122244489,52535.43879944359,15272.441963793834,1066389.2909440335,295674.8524844985
0.5328657314629258,52376.90010993971,15226.353590120836,1063171.1973190308,294782.58043531876
0.5376753507014028,52220.25797793947,15180.81655978991,1059991.6009190958,293900.98240681767
0.5424849699398797,52065.4730522788,15135.819433125618,1056849.70297561,293029.836926597
0.5472945891783567,51912.50713792766,15091.351106549251,1053744.7281877103,292168.92902909964
0.5521042084168336,51761.32315221833,15047.400799854084,1050675.9238337935,291318.05000925786
0.5569138276553106,51611.88508309583,15003.958044068466,1047642.558924062,290476.99718752294
0.5617234468937875,51464.15794928021,14961.012669874677,1044643.923391879,289645.5736856532
0.5665330661322645,51318.107762237865,14918.554796553763,1041679.3273218452,288823.5882126864
0.5713426853707415,51173.701489865016,14876.57482142799,1038748.1002126278,288010.85486054525
0.5761523046092184,51030.90702179263,14835.063409774764,1035849.5902727039,287207.1929087704
0.5809619238476954,50889.693136227506,14794.011485187097,1032983.1637472855,286412.426637899
0.5857715430861723,50750.029468249515,14753.41022035732,1030148.2042747992,285626.3851510375
0.5905811623246493,50611.88647948929,14713.251028262253,1027344.112271394,284848.9022032053
0.5953907815631262,50475.235429116416,14673.52555372918,1024570.3043420418,284079.8160380531
0.6002004008016032,50340.04834607022,14634.225665363168,1021826.2127168673,283318.96923157485
0.6050100200400801,50206.298002471645,14595.343447817697,1019111.284711448,282566.20854246686
0.6098196392785571,50073.95788815611,14556.871194391177,1016424.9822098709,281821.38476879656
0.614629258517034,49943.00218627219,14518.801399933278,1013766.7811694231,281084.352610669
0.619438877755511,49813.405749893456,14481.126754045868,1011136.1711458465,280354.970538596
0.6242484969939879,49685.14407959377,14443.840134563936,1008532.6548381532,279633.1006672878
0.6290581162324649,49558.19330193932,14406.93460130309,1005955.7476520434,278918.60863460356
0.6338677354709419,49432.530148853475,14370.403390060761,1003404.9772810453,278211.3634854152
0.6386773547094188,49308.131937812264,14334.239906858891,1000879.8833045132,277511.2375601448
0.6434869739478958,49184.97655283143,14298.437722416713,998380.0168016938,276818.10638775857
0.6482965931863727,49063.042426207685,14262.99056684281,995904.9399811008,276131.8485830044
0.6531062124248497,48942.30852097877,14227.892324536127,993454.2258244823,275452.34574769525
0.6579158316633266,48822.754314069185,14193.137029286292,991027.4577447028,274779.4823758512
0.6627254509018036,48704.359780089704,14158.718859564045,988624.2292569008,274113.14576252265
0.6675350701402805,48587.10537576116,14124.63213399308,986244.143662311,273453.22591612424
0.6723446893787575,48470.9720249337,14090.871306995057,983886.8137441844,272799.61547412287
0.6771543086172345,48355.941104175006,14057.430964599982,981551.8614752446,272152.20962192613
0.6819639278557114,48241.994428901875,14024.305820414558,979238.9177361848,271510.9060148297
0.6867735470941884,48129.11424003103,13991.490711741464,976947.6220446962,270875.6047028862
0.6915831663326653,48017.28319112607,13958.980595842919,974677.6222945745,270246.20805856795
0.6963927855711423,47906.48433601925,13926.770546342166,972428.5745044564,269622.6207070998
0.7012024048096192,47796.7011168868,13894.855749756962,970200.1425757703,269004.74945934693
0.7060120240480962,47687.91735275872,13863.231502159228,967991.9980595015,268392.50324714585
0.710821643286573,47580.11722844406,13831.893205955585,965803.819931392,267785.79306097556
0.71563126252505,47473.285283854115,13800.836366783502,963635.2943752173,267184.53188986686
0.720440881763527,47367.4064037066,13770.056590518236,961486.1145737981,266588.63466345647
0.7252505010020039,47262.46580759475,13739.549580385843,959355.9805074171,265998.018196095
0.730060120240481,47158.44904040617,13709.311134177877,957244.5987593372,265412.60113292356
0.7348697394789578,47055.3419630769,13679.337141563503,955151.6823281217,264832.3038978359
0.7396793587174348,46953.130743666756,13649.62358149504,953076.9504464788,264257.04864324996
0.7444889779559117,46851.801848742754,13620.166519703098,951020.1284063573,263686.75920161325
0.7492985971943887,46751.34203505845,13590.962106277631,948980.9473900505,263121.36103857285
0.7541082164328656,46651.73834151652,13562.00657333146,946959.1443070481,262560.7812077399
0.7589178356713426,46552.978081403824,13533.296232742923,944954.4616364213,262004.94830698837
0.7637274549098196,46455.04883488792,13504.827473974548,942966.6472745115,261453.79243622383
0.7685370741482965,46357.938441764236,13476.596761964614,940995.45438771,260907.24515656428
0.7733466933867735,46261.634994444554,13448.600635088851,939040.641270135,260365.23945087873
0.7781563126252504,46166.12683117705,13420.835703189456,937101.971206009,259827.70968562845
0.7829659318637274,46071.40252948885,13393.298645668781,935179.2123365519,259294.5915739614
0.7877755511022043,45977.45089984263,13365.986209645293,933272.1375312203,258765.8221400109
0.7925851703406813,45884.26097949891,13338.895208169255,931380.5242631205,258241.33968435164
0.7973947895791582,45791.82202657621,13312.022518495993,929504.1544884401,257721.08375056973
0.8022044088176352,45700.12351430133,13285.365080414427,927642.8145297365,257204.9950929033
0.8070140280561122,45609.15512544314,13258.91989462888,925796.2949629517,256693.01564491438
0.8118236472945891,45518.90674692228,13232.684021192132,923964.3905079965,256185.08848915217
0.8166332665330661,45429.368464590494,13206.654577987698,922146.8999227816,255681.1578277708
0.821442885771543,45340.53055817362,13180.828739259745,920343.6259005638,255181.1689540674
0.82625250501002,45252.38349637152,13155.203734188583,918554.3749704859,254685.06822490494
0.8310621242484969,45164.917932109754,13129.7768455103,916778.9574011917,254192.8030339869
0.8358717434869739,45078.12469793732,13104.545408178847,915017.1871074053,253704.32178595624
0.8406813627254508,44991.99480156482,13079.50680806896,913268.8815593658,253219.57387128353
0.8454909819639278,44906.51942153848,13054.658480718563,911533.8616950145,252738.50964191987
0.8503006012024048,44821.68990304493,13029.997910109167,909811.9518348378,252261.08038768507
0.8551102204408817,44737.49775384181,13005.52262748289,908102.9795992672,251787.2383133661
0.8599198396793587,44653.9346403104,12981.230210194923,906406.7758285514,251316.9365164997
0.8647294589178356,44570.99238362517,12957.118280599989,904723.1745050045,250850.12896581454
0.8695390781563126,44488.662956036766,12933.184504971765,903052.0126775573,250386.77048031177
0.8743486973947895,44406.93847726425,12909.426592454089,901393.1303885237,249926.81670895973
0.8791583166332665,44325.81121099257,12885.842294042777,899746.3706025064,249470.22411098177
0.8839679358717434,44245.273561472204,12862.42940159706,898111.5791373741,249016.94993671848
0.8887775551102204,44165.318070216854,12839.18574687961,896488.6045972286,248566.9522090417
0.8935871743486974,44085.937412796135,12816.109200624162,894877.2983073029,248120.18970530416
0.8983967935871743,44007.12439572019,12793.197671629821,893277.5142507228,247676.62193980487
0.9032064128256513,43928.87195341269,12770.449105881105,891689.1090070643,247236.20914675383
0.9080160320641282,43851.17314526961,12747.861485692934,890111.9416926503,246798.912263718
0.9128256513026052,43774.02115280102,12725.432828879651,888545.8739025324,246364.69291553422
0.9176352705410821,43697.40927685237,12703.161187947333,886990.7696540905,245933.5133986722
0.9224448897795591,43621.330934903825,12681.0446493086,885446.49533221,245505.33666603325
0.927254509018036,43545.77965844395,12659.081332519165,883912.9196359732,245080.12631216968
0.932064128256513,43470.749090416,12637.26938953546,882389.9135268227,244657.8465589124
0.93687374749499,43396.23298273432,12615.607003992613,880877.3501781486,244238.4622413928
0.9416833667334669,43322.22519386835,12594.092390502106,879375.104926245,243821.93879444528
0.9464929859719439,43248.71968649231,12572.723793968531,877883.0552226069,243408.24223937915
0.9513026052104208,43175.710525198345,12551.499488924765,876401.0805875056,242997.33917110908
0.9561122244488978,43103.19187427113,12530.417778885057,874929.0625648196,242589.19674562858
0.9609218436873747,43031.157995521986,12509.476995715375,873466.8846780697,242183.7826678221
0.9657314629258517,42959.603246180646,12488.675499020519,872014.4323876246,241781.0651795979
0.9705410821643286,42888.52207684275,12468.01167554746,870571.5930490387,241381.0130483378
0.9753507014028056,42817.90902947155,12447.483938604397,869138.2558724895,240983.59555564937
0.9801603206412826,42747.75873545181,12427.090727495046,867714.311883275,240588.78248641407
0.9849699398797594,42678.06591369468,12406.830506967674,866299.6538833445,240196.54411812063
0.9897795591182365,42608.82536879154,12386.701766678447,864894.1764138269,239806.85121047526
0.9945891783567133,42540.031989215764,12366.70302066863,863497.7757185264,239419.6749952803
0.9993987975951903,42471.680745570535,12346.83280685525,862110.3497083581,239034.9871665732
1.0042084168336673,42403.766688881624,12327.08968653476,860731.7979266911,238652.75987101797
1.0090180360721444,42336.28494893348,12307.472243899356,859362.0215155774,238272.96569854068
1.0138276553106211,42269.23073264765,12287.979085565556,858000.9231828345,237895.57767320288
1.0186372745490981,42202.599322502,12268.608840114674,856648.4071699565,237520.56924430482
1.0234468937875751,42136.386074989685,12249.360157644795,855304.379220836,237147.91427771247
1.0282565130260521,42070.58641911652,12230.231709333992,853968.7465512619,236777.5870474003
1.0330661322645291,42005.19585493581,12211.22218701436,852641.4178191785,236409.56222720566
1.037875751503006,41940.20995211945,12192.330302756638,851322.303095682,236043.81488278642
1.042685370741483,41875.624348564175,12173.55478846504,850011.3138367282,235680.32046377662
1.04749498997996,41811.434749032036,12154.894395482004,848708.3628555366,235319.05479613546
1.052304609218437,41747.636923824044,12136.34789420265,847413.3642956687,234959.99407468195
1.0571142284569137,41684.22670748605,12117.914073698543,846126.2336047568,234603.11485581184
1.0619238476953907,41621.19999754596,12099.591741350587,844846.8875088744,234248.39405039014
1.0667334669338677,41558.55275328134,12081.379722490794,843575.2439875173,233895.8089168155
1.0715430861723447,41496.28099451653,12063.27686005255,842311.2222491904,233545.33705425003
1.0763527054108217,41434.38080044855,12045.28201422934,841054.7427075718,233196.9563960113
1.0811623246492985,41372.84830850085,12027.394062141482,839805.7269582485,232850.64520312115
1.0859719438877755,41311.67971320417,12009.61189751083,838564.097755997,232506.38205800738
1.0907815631262525,41250.87126510378,11991.93443034306,837329.7789926054,232164.14585835306
1.0955911823647295,41190.41926969236,11974.360586617477,836102.6956752081,231823.91581109108
1.1004008016032065,41130.320086367705,11956.889307983996,834882.7739051328,231485.67142653774
1.1052104208416833,41070.570127414794,11939.519551467241,833669.9408572362,231149.39251266408
1.1100200400801603,41011.16585701129,11922.250289177406,832464.1247597163,230815.0591694981
1.1148296593186373,40952.10379025603,11905.080508027866,831265.2548743943,230482.65178365784
1.1196392785571143,40893.38049221971,11888.009209459184,830073.2614774434,230152.15102300802
1.1244488977955913,40834.992577017496,11871.035409169494,828888.0758405651,229823.53783144034
1.129258517034068,40776.93670690236,11854.158136850978,827709.6302125852,229496.79342377136
1.134068136272545,40719.20959137933,11837.376435932321,826537.8578014732,229171.89928075703
1.138877755511022,40661.80798633938,11820.689363326954,825372.6927567637,228848.83714421824
1.143687374749499,40604.728693213125,11804.095989187017,824214.0701523754,228527.5890122771
1.148496993987976,40547.96855814311,11787.595396662728,823061.9259698116,228208.1371346997
1.153306613226453,40491.52447117467,11771.186681667206,821916.1970817358,227890.4640083416
1.15811623246493,40435.39336546489,11754.868952646444,820776.8212359137,227574.55237269527
1.162925851703407,40379.572216508765,11738.641330354392,819643.7370395057,227260.38520553554
1.167735470941884,40324.05804138258,11722.502947632984,818516.8839437099,226947.94571866092
1.1725450901803607,40268.847898003776,11706.452949196986,817396.2022287366,226637.2173537282
1.1773547094188377,40213.93888440697,11690.490491423523,816281.6329891138,226328.18377817766
1.1821643286573147,40159.32813803572,11674.614742146197,815173.1181193119,226020.8288812475
1.1869739478957917,40105.01283504971,11658.824880453658,814070.600299678,225715.13677007367
1.1917835671342685,40050.99018964659,11643.120096492501,812974.0229826731,225411.09176587427
1.1965931863727455,39997.25745339872,11627.499591274416,811883.330379408,225108.67840021598
1.2014028056112225,39943.811914603866,11611.962576487425,810798.4674464625,224807.88141135967
1.2062124248496995,39890.65089764986,11596.508274311214,809719.3798729889,224508.68574068474
1.2110220440881765,39837.77176239251,11581.135917236277,808646.0140680873,224211.07652918814
1.2158316633266533,39785.17190354692,11565.844747886964,807578.3171484475,223915.03911405886
1.2206412825651303,39732.848750091536,11550.634018848214,806516.2369262519,223620.55902532281
1.2254509018036073,39680.79976468453,11535.50299249593,805459.7218973315,223327.62198255942
1.2302605210420843,39629.02244309258,11520.450940830915,804408.7212295687,223036.21389168603
1.235070140280561,39577.51431363143,11505.477145316192,803363.1847515431,222746.32084180941
1.239879759519038,39526.27293661803,11490.5808967178,802323.0629414076,222457.9291021424
1.244689378757515,39475.29590383393,11475.76149494877,801288.3069160022,222171.02511898405
1.249498997995992,39424.580838,11461.0182489164,800258.8684201842,221885.5955127627
1.254308617234469,39374.125392261354,11446.350476372561,799234.6998163796,221601.62707513783
1.2591182364729459,39323.92724968336,11431.757503767167,798215.7540743479,221319.1067661631
1.2639278557114229,39273.984122757574,11417.238666104537,797201.9847611565,221038.0217115056
1.2687374749498999,39224.293752917634,11402.793306802654,796193.3460313525,220758.35919972163
1.2735470941883769,39174.8539100652,11388.420777555388,795189.7926173406,220480.1066795884
1.2783567134268536,39125.66239210507,11374.120438197318,794191.2798199466,220203.25175748763
1.2831663326653306,39076.71702448989,11359.891656571395,793197.7634991747,219927.78219484314
1.2879759519038076,39028.015659773766,11345.733808399156,792209.200065149,219653.68590560867
1.2927855711422847,38979.55617717482,11331.64627715357,791225.5464692309,219380.95095380564
1.2975951903807617,38931.33648214641,11317.628453934376,790246.7601953181,219109.56555111008
1.3024048096192384,38883.35450595673,11303.679737345894,789272.7992513096,218839.5180544868
1.3072144288577154,38835.60820527675,11289.799533377203,788303.6221607422,218570.79696386968
1.3120240480961924,38788.09556177622,11275.987255284728,787339.18795459,218303.39091988865
1.3168336673346694,38740.81458172746,11262.24232347703,786379.4561632212,218037.2887016393
1.3216432865731462,38693.76329561701,11248.564165401927,785424.3868085162,217772.4792244971
1.3264529058116232,38646.93975776463,11234.952215435731,784473.9403961337,217508.9515379738
1.3312625250501002,38600.34204594976,11221.405914774663,783528.0779079264,217246.69482361418
1.3360721442885772,38553.96826104504,11207.924711328315,782586.7607945068,216985.69839293446
1.3408817635270542,38507.81652665717,11194.508059615204,781649.9509679512,216725.95168539984
1.345691382765531,38461.88498877406,11181.155420660283,780717.6107946422,216467.44426643988
1.350501002004008,38416.171815419315,11167.866261894394,779789.7030882525,216210.16582550286
1.355310621242485,38370.6751963128,11154.640057055683,778866.1911028561,215954.1061741461
1.360120240480962,38325.39334253781,11141.47628609278,777947.0385261719,215699.2552441623
1.3649298597194388,38280.324486214566,11128.374435069913,777032.2094729365,215445.60308574224
1.3697394789579158,38235.4668801796,11115.333996073696,776121.6684783959,215193.1398656705
1.3745490981963928,38190.81879767143,11102.354467121742,775215.3804919253,214941.85586555547
1.3793587174348698,38146.37853202181,11089.43535207294,774313.3108707619,214691.74148009304
1.3841683366733468,38102.1443963529,11076.576160539376,773415.4253738583,214442.78721536117
1.3889779559118236,38058.114723279934,11063.776407799918,772521.6901558464,214194.9836871468
1.3937875751503006,38014.2878646194,11051.035614715398,771632.0717611142,213948.3216193038
1.3985971943887776,37970.66219110261,11038.353307645302,770746.5371179921,213702.79184214026
1.4034068136272546,37927.23609209443,11025.729018366057,769865.0535330432,213458.38529083616
1.4082164328657314,37884.00797531723,11013.162283990729,768987.5886854597,213215.09300388914
1.4130260521042084,37840.97626657975,11000.65264689024,768114.1106215598,212972.90612158892
1.4178356713426854,37798.13940951104,10988.199654615997,767244.5877493862,212731.81588451978
1.4226452905811624,37755.495865298915,10975.802859823887,766378.9888333994,212491.81363208836
1.4274549098196394,37713.044112433556,10963.46182019971,765517.2829892691,212252.8908010811
1.4322645290581162,37670.782646455205,10951.17609838585,764659.4396787575,212015.03892424365
1.4370741482965932,37628.70997970675,10938.945261909332,763805.4287046929,211778.24962888873
1.4418837675350702,37586.82464109053,10926.768883111165,762955.2202060372,211542.5146355276
1.4466933867735472,37545.12517582957,10914.646539076879,762108.7846530356,211307.8257565257
1.451503006012024,37503.61014523287,10902.577811568313,761266.0928424553,211074.17489478205
1.456312625250501,37462.27812646502,10890.562286956669,760427.1158929074,210841.5540424328
1.461122244488978,37421.12771231982,10878.599556156647,759591.8252402514,210609.9552795766
1.465931863727455,37380.157510997684,10866.689214561786,758760.1926330784,210379.37077302227
1.470741482965932,37339.36614588721,10854.830861980934,757932.1901282768,210149.79277505935
1.4755511022044088,37298.75225535037,10843.024102575808,757107.7900866709,209921.21362224894
1.4803607214428858,37258.31449251151,10831.26854479966,756286.9651687384,209693.62573423627
1.4851703406813628,37218.05152504988,10819.563801336959,755469.6883304002,209467.02161258322
1.4899799599198398,37177.9620349959,10807.909489044167,754655.9328188839,209241.3938396213
1.4947895791583166,37138.04471853079,10796.30522889149,753845.6721686565,209016.73507732464
1.4995991983967936,37098.29828578977,10784.750645905664,753038.88019743,208793.03806620135
1.5044088176352706,37058.72146066844,10773.245369113663,752235.5310022313,208570.2956242047
1.5092184368737476,37019.31298063263,10761.78903148744,751435.5989555417,208348.50064566254
1.5140280561122246,36980.07159653134,10750.381269889525,750639.0587015012,208127.6461002245
1.5188376753507014,36940.99607241293,10739.0217250196,749845.8851521763,207907.72503182778
1.5236472945891784,36902.0851853444,10727.710041361977,749056.053483892,207688.73055767958
1.5284569138276554,36863.33772523363,10716.445867133887,748269.5391336236,207470.65586725704
1.5332665330661324,36824.75249465467,10705.228854234721,747486.3177954504,207253.4942213238
1.5380761523046091,36786.32830867598,10694.058658196085,746706.3654170695,207037.23895096322
1.5428857715430861,36748.06399469139,10682.934938132661,745929.6581963636,206821.88345662714
1.5476953907815632,36709.958392254004,10671.85735669393,745156.1725780304,206607.4212072013
1.5525050100200402,36672.0103529128,10660.82558001665,744385.8852502652,206393.84573908494
1.5573146292585172,36634.21874005191,10649.839277678157,743618.7731415,206181.15065528726
1.562124248496994,36596.58242873252,10638.898122650387,742854.8134171917,205969.3296245369
1.566933867735471,36559.100305537475,10628.00179125471,742093.9834766703,205758.37638040748
1.571743486973948,36521.77126841825,10617.149963117436,741336.2609500313,205548.2847204568
1.576553106212425,36484.59422654457,10606.34232112612,740581.6236950844,205339.04850537973
1.5813627254509017,36447.56810015644,10595.5785513865,739830.0497943468,205130.6616581759
1.5861723446893787,36410.69182041836,10584.858343180187,739081.5175520892,204923.1181633295
1.5909819639278557,36373.96432927637,10574.181388923014,738336.0054914287,204716.4120660035
1.5957915831663327,36337.384579316764,10563.547384124066,737593.4923514653,204510.53747124635
1.6006012024048097,36300.95153362766,10552.956027345354,736853.9570844687,204305.4885432111
1.6054108216432865,36264.6641656624,10542.407020162149,736117.3788531072,204101.25950438765
1.6102204408817635,36228.521459105286,10531.900067123934,735383.7370277218,203897.84463484678
1.6150300601202405,36192.52240773944,10521.434875715982,734653.0111836446,203695.23827149617
1.6198396793587175,36156.666015316674,10511.011156321574,733925.1810985571,203493.43480734885
1.6246492985971943,36120.95129542955,10500.628622184731,733200.2267498919,203292.42869080228
1.6294589178356713,36085.377271385376,10490.286989373644,732478.1283122769,203092.21442492932
1.6342685370741483,36049.94297608216,10479.985976744581,731758.8661550166,202892.78656678073
1.6390781563126253,36014.64745188655,10469.725305906426,731042.4208396146,202694.13972669735
1.6438877755511023,35979.48975051369,10459.50470118573,730328.7731173341,202496.26856763466
1.648697394789579,35944.468932908916,10449.323889592335,729617.9039267977,202299.16780449636
1.653507014028056,35909.58406913129,10439.182600785507,728909.7943916227,202102.83220347913
1.6583166332665331,35874.83423823899,10429.080567040624,728204.425818094,201907.25658142782
1.6631262525050101,35840.218528176345,10419.01752321633,727501.7796928725,201712.43580519914
1.667935871743487,35805.736035662776,10408.99320672226,726801.8376807404,201518.3647910373
1.672745490981964,35771.38586608333,10399.007357487208,726104.5816223781,201325.03850395716
1.677555110220441,35737.16713338086,10389.059717927781,725409.9935321767,201132.4519571381
1.682364729458918,35703.07895995001,10379.150032917598,724718.0555960862,200940.60021132688
1.687174348697395,35669.12047653263,10369.278049756853,724028.7501694913,200749.47837424916
1.6919839679358717,35635.29082211487,10359.443518142436,723342.0597751244,200559.08160003062
1.6967935871743487,35601.589143825884,10349.646190138461,722657.9671010077,200369.40508862628
1.7016032064128257,35568.01459683789,10339.885820147218,721976.4549984252,200180.4440852585
1.7064128256513027,35534.566344267936,10330.162164880625,721297.5064799299,199992.19387986397
1.7112224448897795,35501.243557080976,10320.47498333204,720621.1047173743,199804.64980654832
1.7160320641282565,35468.04541399454,10310.82403674856,719947.2330399763,199617.80724304903
1.7208416833667335,35434.97110138466,10301.20908860365,719275.8749324111,199431.66161020717
1.7256513026052105,35402.01981319341,10291.629904570287,718607.0140329312,199246.20837144545
1.7304609218436875,35369.19075083753,10282.086252494402,717940.6341315147,199061.44303225537
1.7352705410821643,35336.48312311875,10272.577902368777,717276.7191680433,198877.36113969173
1.7400801603206413,35303.89614613512,10263.104626307299,716615.2532305026,198693.95828187346
1.7448897795591183,35271.42904319381,10253.6661985196,715956.220553213,198511.23008749372
1.7496993987975953,35239.081044725215,10244.262395286089,715299.6055150849,198329.1722253356
1.754509018036072,35206.85138819823,10234.892994933296,714645.3926378993,198147.78040379536
1.759318637274549,35174.73931803672,10225.557777809645,713993.5665846136,197967.05037041305
1.764128256513026,35142.7440855374,10216.256526261535,713344.1121576923,197786.9779114095
1.768937875751503,35110.86494878869,10206.98902460976,712697.0142974624,197607.55885123013
1.77374749498998,35079.1011725909,10197.755059126315,712052.2580804907,197428.78905209538
1.7785571142284569,35047.45202837748,10188.554418011498,711409.828717988,197250.6644135578
1.7833667334669339,35015.91679413742,10179.386891371345,710769.7115542314,197073.1808720652
1.7881763527054109,34984.4947543388,10170.252271195419,710131.892065014,196896.33440053024
1.7929859719438879,34953.18519985338,10161.150351334882,709496.3558561144,196720.1210079065
1.7977955911823646,34921.98742788236,10152.080927480902,708863.0886617885,196544.5367387698
1.8026052104208417,34890.90074188303,10143.04379714334,708232.0763432813,196369.57767290622
1.8074148296593187,34859.92445149667,10134.038759629799,707603.3048873639,196195.23992490588
1.8122244488977957,34829.05787247728,10125.065616024885,706976.7604048856,196021.5196437619
1.8170340681362727,34798.30032662146,10116.124169169841,706352.4291293521,195848.41301247588
1.8218436873747494,34767.65114169924,10107.214223642422,705730.2974155204,195675.91624766839
1.8266533066132264,34737.10965138579,10098.33558573705,705110.3517380116,195504.02559919472
1.8314629258517034,34706.6751951942,10089.488063445287,704492.5786899496,195332.7373497666
1.8362725450901805,34676.3471184092,10080.671466436537,703876.9649816122,195162.04781457913
1.8410821643286572,34646.1247720217,10071.885606039054,703263.497439105,194991.95334094262
1.8458917835671342,34616.00751266435,10063.130295221157,702652.1630030515,194822.45030791918
1.8507014028056112,34585.99470254793,10054.405348572795,702042.9487273041,194653.5351259656
1.8555110220440882,34556.08570939868,10045.71058228729,701435.8417776688,194485.20423658018
1.8603206412825652,34526.27990639636,10037.045814143356,700830.8294306512,194317.4541119541
1.865130260521042,34496.576672113384,10028.41086348737,700227.8990722186,194150.28125462896
1.869939879759519,34466.97539045455,10019.805551215894,699627.0381965779,193983.68219715776
1.874749498997996,34437.475450597805,10011.22969975841,699028.234404973,193817.65350177087
1.879559118236473,34408.07624693565,10002.683133060336,698431.4754044955,193652.19176004725
1.8843687374749498,34378.77717901742,9994.165676566208,697836.7490069125,193487.29359258886
1.8891783567134268,34349.577651492444,9985.677157203156,697244.0431275128,193322.95564870062
1.8939879759519038,34320.4770740537,9977.217403364555,696653.3457839648,193159.1746060741
1.8987975951903808,34291.4748613826,9968.786244893949,696064.6450951933,192995.94717047605
1.9036072144288578,34262.57043309417,9960.383513069119,695477.9292802688,192833.27007544017
1.9084168336673346,34233.763213683254,9952.009040586434,694893.1866573137,192671.14008196417
1.9132264529058116,34205.052632471175,9943.66266154538,694310.4056424218,192509.55397820985
1.9180360721442886,34176.43812355337,9935.3442114333,693729.5747485931,192348.5085792082
1.9228456913827656,34147.919125747554,9927.053527110325,693150.6825846827,192188.0007265673
1.9276553106212424,34119.49508254258,9918.790446794548,692573.7178543635,192028.0272881855
1.9324649298597194,34091.16544204807,9910.554810047339,691998.6693551026,191868.58515796685
1.9372745490981964,34062.929656944645,9902.346457758887,691425.5259771508,191709.67125554167
1.9420841683366734,34034.78718443485,9894.165232133944,690854.2767025479,191551.28252599
1.9468937875751502,34006.73748619467,9886.010976677728,690284.9106041369,191393.41593956892
1.9517034068136272,33978.78002832572,9877.883536182013,689717.4168445953,191236.06849144353
1.9565130260521042,33950.91428130813,9869.782756711447,689151.7846754771,191079.23720142143
1.9613226452905812,33923.1397199539,9861.708485589972,688588.0034362666,190922.91911369047
1.9661322645290582,33895.45582336097,9853.6605713875,688026.0625534464,190767.11129656044
1.970941883767535,33867.86207486787,9845.6388639067,687465.9515395768,190611.81084220737
1.975751503006012,33840.357962008944,9837.643214170017,686907.6599923864,190457.01486642187
1.980561122244489,33812.94297647018,9829.673474406776,686351.1775938754,190302.72050836036
1.985370741482966,33785.61661404554,9821.729498040555,685796.4941094312,190148.9249302995
1.9901803607214428,33758.37837459397,9813.811139676627,685243.5993869524,189995.6253173938
1.9949899799599198,33731.22776199685,9805.918255089638,684692.4833559875,189842.81887743695
1.9997995991983968,33704.16428411608,9798.050701211381,684143.1360268842,189690.5028406249
2.004609218436874,33677.18745275261,9790.208336118774,683595.5474899458,189538.6744593232
2.0094188376753506,33650.29678360563,9782.39101902197,683049.7079146042,189387.3310078371
2.0142284569138273,33623.49179623208,9774.598610252619,682505.6075485987,189236.46978218373
2.0190380761523046,33596.77201400693,9766.83097125227,681963.2367171674,189086.08809986827
2.0238476953907814,33570.13696408375,9759.08796456097,681422.5858222493,188936.1832996625
2.0286573146292586,33543.58617735587,9751.369453805924,680883.6453416942,188786.75274138583
2.0334669338677354,33517.11918841806,9743.675303690376,680346.4058284855,188637.7938056897
2.038276553106212,33490.73553552859,9736.005379982576,679810.8579099703,188489.30389384401
2.0430861723446894,33464.43476057184,9728.359549504927,679276.9922871006,188341.2804275274
2.047895791583166,33438.21640902148,9720.737680123228,678744.7997336844,188193.7208486184
2.0527054108216434,33412.080029903766,9713.139640736092,678214.2710956429,188046.6226189908
2.05751503006012,33386.02517576182,9705.56530126446,677685.3972902836,187899.9832203111
2.062324649298597,33360.05140261978,9698.014532641262,677158.1693055736,187753.80015383748
2.067134268537074,33334.15826994787,9690.487206801234,676632.5781994305,187608.07094022314
2.071943887775551,33308.34534062763,9682.983196670779,676108.615099016,187462.79311932038
2.0767535070140277,33282.61218091766,9675.502376158058,675586.2712000409,187317.96424998797
2.081563126252505,33256.95836041979,9668.044620143133,675065.537766079,187173.58190990073
2.0863727454909817,33231.383452045644,9660.609804468244,674546.4061278877,187029.64369536148
2.091182364729459,33205.88703198367,9653.197805928216,674028.8676827381,186886.1472211151
2.0959919839679357,33180.468679666454,9645.808502260994,673512.913893754,186743.09012016497
2.100801603206413,33155.12797773859,9638.441772138256,672998.5362892566,186600.47004359192
2.1056112224448897,33129.86451202484,9631.097495156191,672485.7264621202,186458.28466037515
2.1104208416833665,33104.67787149866,9623.77555182632,671974.4760691327,186316.5316572149
2.1152304609218437,33079.56764825118,9616.475823566532,671464.7768303668,186175.20873835837
2.1200400801603205,33054.53343746059,9609.198192692098,670956.620528556,186034.31362542644
2.1248496993987978,33029.57483736173,9601.942542406916,670449.999008481,185893.84405724367
2.1296593186372745,33004.69144921624,9594.70875679478,669944.9041763613,185753.79778966954
2.1344689378757513,32979.882877282944,9587.496720810797,669441.327999254,185614.17259543194
2.1392785571142285,32955.14872878862,9580.306320272879,668939.2625044618,185474.96626396285
2.1440881763527053,32930.48861389917,9573.137441853352,668438.6997789469,185336.1766012359
2.1488977955911825,32905.90214569105,9565.989973070677,667939.6319687519,185197.80142960546
2.1537074148296593,32881.38894012309,9558.863802281237,667442.0512784267,185059.83858764858
2.158517034068136,32856.948616008696,9551.758818671251,666945.9499704638,184922.28593000755
2.1633266533066133,32832.58079498823,9544.674912248764,666451.3203647403,184785.14132723561
2.16813627254509,32808.28510150189,9537.61197383577,665958.1548379653,184648.40266564372
2.1729458917835673,32784.06116276283,9530.569895060356,665466.445823134,184512.06784714904
2.177755511022044,32759.908608730588,9523.54856834901,664976.1858089889,184376.13478912562
2.182565130260521,32735.827072084816,9516.547886918985,664487.3673394875,184240.60142425704
2.187374749498998,32711.816188199387,9509.567744770755,663999.9830132752,184105.46570038973
2.192184368737475,32687.875595116722,9502.608036680573,663514.0254831659,183970.72558038944
2.1969939879759517,32664.004933522527,9495.668658193103,663029.4874556264,183836.37904199815
2.201803607214429,32640.203846720644,9488.749505614122,662546.3616902693,183702.42407769334
2.2066132264529057,32616.471980608392,9481.850476003361,662064.64099935,183568.85869454866
2.211422845691383,32592.808983652092,9474.971467167361,661584.3182472705,183435.68091409642
2.2162324649298597,32569.214506862863,9468.112377652462,661105.3863500893,183302.88877219122
2.2210420841683365,32545.688203772726,9461.273106737866,660627.8382750349,183170.48031887584
2.2258517034068137,32522.22973041102,9454.453554428736,660151.6670400267,183038.45361824776
2.2306613226452905,32498.83874528102,9447.653621449443,659676.8657132026,182906.80674832864
2.2354709418837677,32475.51490933687,9440.873209236845,659203.4274124485,182775.53780093318
2.2402805611222445,32452.25788596074,9434.112219933635,658731.345304936,182644.64488154187
2.2450901803607213,32429.067340940306,9427.37055638181,658260.6126066644,182514.12610917323
2.2498997995991985,32405.94294244644,9420.64812211618,657791.2225820083,182383.97961625876
2.2547094188376753,32382.884361011158,9413.944821357956,657323.1685432704,182254.20354851888
2.2595190380761525,32359.891269505795,9407.260559008417,656856.4438502376,182124.7960648399
2.2643286573146293,32336.963343119536,9400.595240642635,656391.0419097457,181995.75533715295
2.269138276553106,32314.10025933803,9393.948772503301,655926.9561752451,181867.07955031423
2.2739478957915833,32291.301697922376,9387.321061494587,655464.1801463744,181738.76690198618
2.27875751503006,32268.56734088831,9380.712015176114,655002.7073685381,181610.81560252066
2.283567134268537,32245.89687248554,9374.121541756922,654542.531432487,181483.22387484266
2.288376753507014,32223.28997917745,9367.549550089592,654083.6459739053,181355.98995433582
2.293186372745491,32200.746349620968,9360.99594966438,653626.0446730042,181229.11208872916
2.297995991983968,32178.265674646595,9354.460650603423,653169.7212541138,181102.58853798523
2.302805611222445,32155.84764723882,9347.943563655033,652714.6694852879,180976.41757418893
2.3076152304609217,32133.491962516557,9341.444600188006,652260.883177905,180850.5974814382
2.312424849699399,32111.19831771393,9334.963672186064,651808.3561862793,180725.1265557356
2.3172344689378757,32088.96641216125,9328.500692242302,651357.0824072756,180600.00310488124
2.322044088176353,32066.795947266193,9322.055573553698,650907.055779924,180475.2254483666
2.3268537074148297,32044.686626495113,9315.628229915736,650458.2702850446,180350.79191727008
2.3316633266533064,32022.638155354736,9309.218575717023,650010.7199448721,180226.70085415302
2.3364729458917837,32000.65024137382,9302.826525934013,649564.3988226872,180102.95061295744
2.3412825651302605,31978.722594085262,9296.451996125757,649119.3010224503,179979.53955890445
2.3460921843687377,31956.854925008232,9290.094902428731,648675.4206884404,179856.46606839434
2.3509018036072145,31935.046947630537,9283.755161551719,648232.7520048971,179733.72852890688
2.3557114228456912,31913.298377391195,9277.43269077073,647791.2891956661,179611.3253389037
2.3605210420841685,31891.608931663195,9271.127407923997,647351.0265238506,179489.254907731
2.3653306613226452,31869.978329736496,9264.839231407028,646911.9582914643,179367.5156555237
2.370140280561122,31848.406292801104,9258.568080167684,646474.0788390898,179246.10601311046
2.3749498997995993,31826.89254393037,9252.313873701334,646037.3825455385,179125.02442191966
2.379759519038076,31805.436808064565,9246.076532046078,645601.8638275173,179004.26933388688
2.3845691382765533,31784.038811994473,9239.855975777966,645167.5171392956,178883.83921136253
2.38937875751503,31762.69828434525,9233.652126006313,644734.3369723781,178763.73252702106
2.394188376753507,31741.414955560518,9227.464904369088,644302.3178551814,178643.94776377143
2.398997995991984,31720.188557886457,9221.294233028257,643871.4543527111,178524.4834146677
2.403807615230461,31699.018825356197,9215.140034665294,643441.7410662457,178405.337982821
2.408617234468938,31677.90549377443,9209.002232476641,643013.1726330228,178286.50998131273
2.413426853707415,31656.848300701942,9202.880750169285,642585.7437259273,178167.99793310818
2.4182364729458916,31635.846985440625,9196.775511956346,642159.4490531842,178049.80037097156
2.423046092184369,31614.90128901836,9190.686442552713,641734.2833580556,177931.91583738127
2.4278557114228456,31594.01095417433,9184.613467170748,641310.241418538,177814.34288444667
2.432665330661323,31573.175725344183,9178.556511516004,640887.318047066,177697.08007382567
2.4374749498997996,31552.395348645674,9172.515501783028,640465.5080902163,177580.12597664262
2.4422845691382764,31531.669571864215,9166.490364651154,640044.8064284174,177463.4791734079
2.4470941883767536,31510.99814443863,9160.48102728041,639625.2079756602,177347.13825393756
2.4519038076152304,31490.380817447196,9154.487417307397,639206.707679213,177231.1018172746
2.456713426853707,31469.817343593673,9148.50946284125,638789.3005193389,177115.36847161007
2.4615230460921844,31449.307477193484,9142.547092459654,638372.9815090165,176999.93683420625
2.466332665330661,31428.85097416018,9136.600235204858,637957.7456936622,176884.8055313192
2.4711422845691384,31408.447591991866,9130.668820579767,637543.5881508577,176769.97319812348
2.475951903807615,31388.097089757917,9124.752778544056,637130.503990079,176655.43847863676
2.480761523046092,31367.799228085743,9118.852039510335,636718.488352427,176541.20002564535
2.485571142284569,31347.55376914768,9112.966534340345,636307.5364103636,176427.25650063087
2.490380761523046,31327.36047664817,9107.096194341204,635897.6433674486,176313.60657369747
2.495190380761523,31307.219115810793,9101.24095126167,635488.8044580787,176200.24892349937
2.5,31287.129453365706,9095.400737288472,635081.0149472327,176087.18223717008
