a,tau_rq_03_LF95,tau_rq_07_LF95,tau_rq_03_LF05,tau_rq_07_LF05
0.1,39891.88530007497,91618.24426854656,833321.6481744937,1913859.5667368744
0.10480961923847695,39272.10502972459,90194.81742936229,820374.7465049089,1884124.887847616
0.10961923847695391,38689.13037483345,88855.92071058304,808196.6958411332,1856156.0011420674
0.11442885771543086,38139.29908733394,87593.14316006894,796710.9936420413,1829777.2060122667
0.11923847695390782,37619.44824918385,86399.22061881579,785851.5681224533,1804836.7577886311
0.12404809619238477,37126.82923738388,85267.84042419927,775561.0019146317,1781202.7880878295
0.12885771543086172,36659.039839536665,84193.48550224416,765789.1139960664,1758760.0479778177
0.13366733466933867,36213.969561699305,83171.30875815592,756491.8171977068,1737407.2840584929
0.13847695390781564,35789.75519094439,82197.03101846788,747630.1899279591,1717055.1065239047
0.1432865731462926,35384.74440677312,81266.85745869558,739169.716033199,1697624.243377501
0.14809619238476954,34997.46576692346,80377.40867083221,731079.6578162293,1679044.1004663885
0.1529058116232465,34626.60378366081,79525.66342197046,723332.5353923833,1661251.5657374037
0.15771543086172346,34270.97809685872,78708.9108218736,715903.6916255398,1644190.0100414571
0.1625250501002004,33929.52596807485,77924.71011775502,708770.9264380712,1627808.4472664723
0.16733466933867736,33601.28748500166,77170.85671387793,701914.1877391776,1612060.8245037133
0.1721442885771543,33285.39299201007,76445.35330374105,695315.3088551927,1596905.4190135065
0.17695390781563125,32981.052359951405,75746.38522642279,688957.7843810836,1582304.3234315151
0.1817635270541082,32687.54578414315,75072.29933264894,682826.5779549456,1568223.0042914113
0.18657314629258517,32404.215858800442,74421.58578242752,676907.9566968197,1554629.9217865097
0.19138276553106212,32130.46072297684,73792.86230357982,671189.3480308028,1541496.2009383154
0.1961923847695391,31865.72811023517,73184.86052583554,665659.2153856299,1528795.3461225631
0.20100200400801604,31609.51016395556,72596.41407333895,660306.9498890381,1516502.9923275928
0.205811623246493,31361.338904046082,72026.44815320791,655122.7756696029,1504596.687664524
0.21062124248496994,31120.78225010218,71473.97042206855,650097.6667825206,1493055.7025737066
0.2154308617234469,30887.440521728633,70938.06294847182,645223.274103071,1481860.8619236008
0.22024048096192383,30660.943349530527,70417.8751184787,640491.8607987559,1470994.396811976
0.2250501002004008,30440.946940778267,69912.61735581214,635896.2452104007,1460439.8133830137
0.22985971943887776,30227.131652406213,69421.55554785128,631429.7501533027,1450181.776389091
0.2346693386773547,30019.199831169888,68944.00608519911,627086.1577991891,1440206.0055698215
0.23947895791583165,29816.8738867451,68479.33143623888,622859.6694242161,1430499.1832067347
0.24428857715430863,29619.89456852588,68026.93618951872,618744.8694121339,1421048.8714506633
0.24909819639278558,29428.01942104663,67586.2635063757,614736.6929888243,1411843.438218819
0.2539078156312625,29241.021396459462,67156.791934263,610830.3972376417,1402871.9906267857
0.25871743486973947,29058.687605457508,66738.03253804073,607021.5350068219,1394124.3150626062
0.2635270541082164,28880.818190540595,66329.52631224622,603305.9313725629,1385590.823130402
0.2683366733466934,28707.22530765032,65930.84184225218,599679.662365888,1377262.502793123
0.2731462925851703,28537.732204015854,65541.57318638884,596139.035709303,1369130.8741311377
0.2779559118236473,28372.172381604654,65161.3379546712,592680.5733416966,1361187.949207799
0.2827655310621242,28210.388836902297,64789.77556282946,589300.9955377209,1353426.1955970053
0.2875751503006012,28052.233368890113,64426.54564296607,585997.2064517869,1345838.5031826217
0.29238476953907816,27897.565948075917,64071.32659443155,582766.2809374307,1338418.1538869913
0.2971943887775551,27746.254140285146,63723.81426046662,579605.452510597,1331158.7940266524
0.30200400801603206,27598.172579659484,63383.72071785723,576512.102340842,1324054.4090288286
0.306813627254509,27453.20248595096,63050.773168321466,573483.749167848,1317099.3002730566
0.311623246492986,27311.231221759237,62724.71292163248,570518.0400523291,1310288.063849128
0.3164328657314629,27172.151885846768,62405.29446160016,567612.7418805887,1303615.5710459116
0.3212424849699399,27035.86293909344,62092.284587014794,564765.733550896,1297076.9504060925
0.3260521042084168,26902.267860026015,61785.4616205141,561974.99877767,1290667.571199799
0.3308617234468938,26771.274827186266,61484.61467908948,559238.619456305,1284383.0281858402
0.33567134268537074,26642.796425889974,61189.54300061019,556554.7695375134,1278219.1275431325
0.3404809619238477,26516.74937718456,60900.055321330205,553921.7093653854,1272171.8738671234
0.34529058116232464,26393.0542870375,60615.96929985826,551337.780438059,1266237.458136817
0.3501002004008016,26271.635413987155,60337.11098353002,548801.4005540627,1260412.2465675515
0.3549098196392786,26152.42045366416,60063.314313526156,546311.0593110725,1254692.770273161
0.3597194388777555,26035.3403387481,59794.420665440055,543865.3139271076,1249075.7156686664
0.3645290581162325,25920.329053064128,59530.2784223204,541462.7853571016,1243557.9155513437
0.3693386773547094,25807.32345864795,59270.74257749748,539102.1546803747,1238136.3408039657
0.3741482965931864,25696.26313471888,59015.67436475853,536782.1597368617,1232808.092669347
0.3789579158316633,25587.090227599612,58764.94091366387,534501.5919920113,1227570.395550071
0.3837675350701403,25479.749310710093,58518.41492799993,532259.2936121258,1222420.5902915334
0.3885771543086173,25374.187253842534,58275.97438554796,530054.1547335831,1217356.1279102575
0.39338677354709417,25270.35310099585,58037.50225751073,527885.1109108574,1212374.5637328613
0.3981963927855712,25168.197956112046,57802.8862460876,525751.1407296108,1207473.5519141273
0.40300601202404807,25067.674876114994,57572.01853882033,523651.2635723242,1202650.8403054115
0.40781563126252507,24968.73877070379,57344.79557845236,521584.53752503265,1197904.265647117
0.41262525050100196,24871.346308400254,57121.11784715136,519550.0574147032,1193231.749061211
0.41743486973947896,24775.455828392263,56900.88966404307,517546.9529676853,1188631.2918218048
0.42224448897795586,24681.027257753332,56684.018995092505,515574.3870804711,1184100.9713836715
0.42705410821643286,24588.02203365339,56470.41727444823,513631.5541947148,1179638.937650213
0.43186372745490986,24496.403030207362,56259.99923643829,511717.6787691378,1175243.4094639395
0.43667334669338675,24406.13448963701,56052.68275747198,509832.013841533,1170912.671303875
0.44148296593186376,24317.181957447046,55848.3887071612,507973.8396746255,1166645.07017556
0.44629258517034065,24229.512221340796,55647.040808030266,506142.46248005226,1162439.0126804544
0.45110220440881765,24143.093253621777,55448.56550323183,504337.21321515937,1158292.9622525934
0.45591182364729455,24057.894156847673,55252.89183173217,502557.4464477401,1154205.4365512657
0.46072144288577155,23973.885112520653,55059.951310470184,500802.53928420186,1150175.004999379
0.46553106212424844,23891.03733261488,54869.67782303239,499071.8903569988,1146200.2864579295
0.47034068136272544,23809.323013756693,54682.007514420184,497364.9188674806,1142279.947027749
0.47515030060120245,23728.715293886904,54496.87869151778,495681.0636805872,1138412.6979703233
0.47995991983967934,23649.188211247085,54314.231728897386,494019.7824680948,1134597.2937401151
0.48476953907815634,23570.716665543412,54134.008979625716,492380.55089734547,1130832.5301213514
0.48957915831663323,23493.27638115193,53956.15469075882,490762.86186262616,1127117.242462756
0.49438877755511024,23416.843872239333,53780.61492323625,489166.224756557,1123450.3040041772
0.49919839679358713,23341.396409681838,53607.33747590484,487590.16477904393,1119830.6242894803
0.5040080160320641,23266.911989672983,53436.271813421365,486034.2222815109,1116257.1476604752
0.508817635270541,23193.3693039193,53267.36899780202,484497.9521443026,1112728.8518270121
0.513627254509018,23120.74771132893,53100.58162340077,482980.92318527406,1109244.7465087192
0.518436873747495,23049.02721110566,52935.86375511527,481482.717597737,1105803.8721441473
0.5232464929859719,22978.18841716585,52773.17086963124,480002.930416044,1102405.298663401
0.5280561122244489,22908.212533802118,52612.459799530145,478541.16900721384,1099048.1243205706
0.5328657314629258,22839.081332521964,52453.68868009521,477097.052587102,1095731.4745825403
0.5376753507014028,22770.77712999482,52296.81689866332,475670.21175972576,1092454.5010709714
0.5424849699398797,22703.282767044897,52141.80504637855,474260.28807843477,1089216.380554459
0.5472945891783567,22636.581588631587,51988.614872214,472866.93362771254,1086016.3139880714
0.5521042084168336,22570.65742476274,51837.20923913592,471489.8106244632,1082853.5255976394
0.5569138276553106,22505.49457228961,51687.55208229286,470128.5910377179,1079727.2620063487
0.5617234468937875,22441.07777753556,51539.60836911964,468782.9562257562,1076636.7914013325
0.5665330661322645,22377.392219713525,51393.34406125282,467452.59658970585,1073581.4027381036
0.5713426853707415,22314.423495090137,51248.72607816107,466137.2112427388,1070560.404980811
0.5761523046092184,22252.157601856783,51105.72226239902,464836.5076940353,1067573.1263764114
0.5809619238476954,22190.580925670656,50964.30134639995,463550.20154674404,1064618.9137609839
0.5857715430861723,22129.680225830594,50824.4329207264,462278.01620920113,1061697.131896499
0.5905811623246493,22069.44262205509,50686.08740370351,461019.6826187304,1058807.1628364795
0.5953907815631262,22009.85558183144,50549.23601236454,459774.93897737353,1055948.4053190614
0.6002004008016032,21950.90690830709,50413.850734641135,458543.53049894486,1053120.2741860664
0.6050100200400801,21892.584728695685,50279.90430273606,457325.2091668413,1050322.1998267672
0.6098196392785571,21834.87748317211,50147.37016761877,456119.73350206437,1047553.6276451182
0.614629258517034,21777.773914232243,50016.222474588365,454926.8683409506,1044814.0175492733
0.619438877755511,21721.263056494463,49886.436039851076,453746.38462212967,1042102.8434623026
0.6242484969939879,21665.334226921288,49757.98632806273,452578.0591822614,1039419.5928530662
0.6290581162324649,21609.977015440832,49630.849430789225,451421.67456011986,1036763.7662862644
0.6338677354709419,21555.18127594872,49505.002045841116,450277.01880863,1034134.8769907464
0.6386773547094188,21500.937117672325,49380.42145744012,449143.8853144694,1031532.4504451986
0.6434869739478958,21447.23489688012,49257.085517178246,448022.07262488204,1028956.023980391
0.6482965931863727,21394.06520891988,49134.972625732276,446911.38428135915,1026405.146397202
0.6531062124248497,21341.4188805704,49014.06171529816,445811.62865987077,1023879.3775996803
0.6579158316633266,21289.28696269206,48894.33223271197,444722.6188173402,1021378.2882424517
0.6627254509018036,21237.66072316266,48775.76412322575,443644.17234407703,1018901.4593918035
0.6675350701402805,21186.53164008529,48658.337814908344,442576.11122189177,1016448.4821998248
0.6723446893787575,21135.891395256,48542.03420364281,441518.26168764004,1014018.9575910128
0.6771543086172345,21085.73186787946,48426.834638693465,440470.45410194556,1011612.4959607723
0.6819639278557114,21036.045128521633,48312.720908817064,439432.5228228743,1009228.7168852881
0.6867735470941884,20986.823433288802,48199.67522889416,438404.3060843364,1006867.2488422575
0.6915831663326653,20938.059218222996,48087.680227057164,437385.6458790116,1004527.7289420054
0.6963927855711423,20889.745093904392,47976.718932293916,436376.38784559345,1002209.8026685257
0.7012024048096192,20841.873840251556,47866.77476250562,435376.38116017164,999913.1236300196
0.7060120240480962,20794.438401511114,47757.8315129997,434385.47843156615,997637.3533185177
0.710821643286573,20747.431881428587,47649.873345398955,433403.5356004499,995382.160878195
0.71563126252505,20700.847538592727,47542.88477694897,432430.41184209415,993147.2228820107
0.720440881763527,20654.678781945993,47436.85067020729,431465.9694725843,990932.2231163186
0.7252505010020039,20608.919166454227,47331.75622309797,430510.0738583611,988736.852373112
0.730060120240481,20563.562388928647,47227.58695931628,429562.59332894563,986560.8082495842
0.7348697394789578,20518.602283994245,47124.32871906931,428623.3990927193,984403.7949547012
0.7396793587174348,20474.032820198096,47021.967650138184,427692.36515562935,982265.5231224989
0.7444889779559117,20429.848096252113,46920.49019924885,426769.36824270256,980145.7096318217
0.7492985971943887,20386.0423374048,46819.88310373927,425854.28772225126,978044.0774322542
0.7541082164328656,20342.609891936485,46720.13338351012,424947.0055326618,975960.3553759753
0.7589178356713426,20299.545227773466,46621.22833324859,424047.40611166524,973894.2780553191
0.7637274549098196,20256.842929216004,46523.15551491381,423155.3763279868,971845.5856457951
0.7685370741482965,20214.49769377576,46425.90275047338,422270.8054152823,969814.0237543628
0.7733466933867735,20172.50432911846,46329.45811488168,421393.5849082697,967799.3432727485
0.7781563126252504,20130.857750107334,46233.80992928981,420523.608580971,965801.3002356059
0.7829659318637274,20089.552975943865,46138.946754478726,419660.7723869817,963819.6556833365
0.7877755511022043,20048.58512740169,46044.85738450635,418804.974401689,961854.1755293832
0.7925851703406813,20007.94942415018,45951.53084056099,417956.11476636335,959904.6304318286
0.7973947895791582,19967.641182164432,45858.95636501273,417114.0956340533,957970.7956691323
0.8022044088176352,19927.65581121805,45767.123415655304,416278.82111721206,956052.4510198483
0.8070140280561122,19887.988812456013,45676.02166013176,415450.19723699515,954149.3806461771
0.8118236472945891,19848.635776044168,45585.64097053615,414628.1318741598,952261.372981199
0.8166332665330661,19809.592378892794,45495.971418185334,413812.53472151165,950388.2206196608
0.821442885771543,19770.85438245148,45407.003268554465,413003.3172378396,948529.7202121783
0.82625250501002,19732.4176305724,45318.72697636978,412200.39260328264,946685.6723627291
0.8310621242484969,19694.278047439835,45231.13318085334,411403.6756760771,944855.8815293168
0.8358717434869739,19656.431635563302,45144.212701113924,410613.08295063407,943040.1559276882
0.8406813627254508,19618.874473831987,45057.956531678756,409828.5325168989,941238.3074379954
0.8454909819639278,19581.60271562844,44972.35583816113,409049.94402094505,939450.1515142933
0.8503006012024048,19544.61258699909,44887.40195305904,408277.2386267596,937675.5070967736
0.8551102204408817,19507.900384879955,44803.08637167987,407510.338979177,935914.1965266377
0.8599198396793587,19471.462475375254,44719.40074818714,406749.1691679215,934166.0454635107
0.8647294589178356,19435.295292087194,44636.33689176458,405993.65469271614,932430.8828053133
0.8695390781563126,19399.395334495108,44553.88676289349,405243.72242942505,930708.5406104982
0.8743486973947895,19363.759166382337,44472.042469739856,404499.3005971909,928998.8540225755
0.8791583166332665,19328.38341430891,44390.796264646575,403760.3187265299,927301.6611968427
0.8839679358717434,19293.264766128803,44310.14054072821,403026.7076283588,925616.8032292441
0.8887775551102204,19258.399969549973,44230.06782856369,402298.39936391363,923944.1240872884
0.8935871743486974,19223.78583073582,44150.5707929845,401575.32721553626,922283.4705429521
0.8983967935871743,19189.419212946665,44071.64222995456,400857.42565829423,920634.6921075028
0.9032064128256513,19155.297035219868,43993.275063538844,400144.63033241034,918997.6409681778
0.9080160320641282,19121.416271087317,43915.4623429579,399436.87801647,917372.1719266499
0.9128256513026052,19087.773947328973,43838.197239725305,398734.10660138546,915758.1423392332
0.9176352705410821,19054.367142761406,43761.4730448651,398036.25506508735,914155.4120587561
0.9224448897795591,19021.192987059952,43685.28316620695,397343.2634479205,912563.8433780569
0.927254509018036,18988.248659613673,43609.62112575606,396655.072828725,910983.300975047
0.932064128256513,18955.531388411695,43534.48055713578,395971.6253015721,909413.6518592831
0.93687374749499,18923.038448960284,43459.855203100255,395292.8639531424,907854.765320011
0.9416833667334669,18890.767163229335,43385.738913115,394618.7328407185,906306.5128756223
0.9464929859719439,18858.71489862746,43312.12564100302,393949.17697077536,904768.7682244877
0.9513026052104208,18826.879067004887,43239.00944265469,393284.1422781514,903241.4071971115
0.9561122244488978,18795.25712368302,43166.38447379911,392623.5756057758,901724.3077095813
0.9609218436873747,18763.84656651,43094.24498783493,391967.42468494055,900217.3497182525
0.9657314629258517,18732.64493494141,43022.5853337192,391315.6381160962,898720.415175647
0.9705410821643286,18701.649809145285,42951.39995391167,390668.165350156,897233.3879875129
0.9753507014028056,18670.858809130714,42880.68338237369,390024.95667029376,895756.153971021
0.9801603206412826,18640.269593899313,42810.430242619244,389385.9631742168,894288.600814051
0.9849699398797594,18609.879860618734,42740.63524581697,388751.13675690256,892830.618035546
0.9897795591182365,18579.687343817783,42671.2931889414,388120.4300937843,891382.0969468912
0.9945891783567133,18549.68981460219,42602.39895297201,387493.79662436916,889942.9306142931
0.9993987975951903,18519.8850798906,42533.94750113851,386871.19053627783,888513.0138221248
1.0042084168336673,18490.27098167013,42465.93387721107,386252.56674969447,887092.2430372096
1.0090180360721444,18460.84539627082,42398.353203834035,385637.8809022095,885680.5163740129
1.0138276553106211,18431.60623365857,42331.20068090195,385027.0893340497,884277.733560719
1.0186372745490981,18402.551436745754,42264.471583976396,384420.1490736775,882883.7959061582
1.0234468937875751,18373.678980719335,42198.16126274282,383817.0178237555,881498.6062675719
1.0282565130260521,18344.98687238561,42132.2651395056,383217.6539474581,880122.0690191741
1.0330661322645291,18316.473149531295,42066.77870772076,382622.01645512565,878754.0900215029
1.037875751503006,18288.13588030049,42001.697530565005,382030.0649912492,877394.5765915256
1.042685370741483,18259.973162586906,41937.01723953989,381441.75982177374,876043.4374734816
1.04749498997996,18231.983123441038,41872.7335331103,380857.06182171544,874700.5828104416
1.052304609218437,18204.163918491813,41808.84217537621,380275.9324630801,873365.9241165599
1.0571142284569137,18176.513731382303,41745.33899477658,379698.3338030741,872039.3742500003
1.0619238476953907,18149.03077321904,41682.21988282477,379124.2284726029,870720.847386521
1.0667334669338677,18121.713282034663,41619.48079287433,378553.5796650442,869410.258993689
1.0715430861723447,18094.559522263397,41557.11773891438,377986.35112529196,868107.525805719
1.0763527054108217,18067.56778422907,41495.12679439372,377422.5071390611,866812.5657989087
1.0811623246492985,18040.736383645297,41433.50409107298,376862.0125224465,865525.2981676616
1.0859719438877755,18014.063661127457,41372.245817903764,376304.83261172846,864245.6433010717
1.0907815631262525,17987.54798171623,41311.34821993439,375750.93325341993,862973.5227600649
1.0955911823647295,17961.18773441223,41250.80759724107,375200.2807945446,861708.8592550739
1.1004008016032065,17934.981331721567,41190.62030388423,374652.84207314457,860451.5766242325
1.1052104208416833,17908.927209211914,41130.78274688895,374108.5844090066,859201.5998120828
1.1100200400801603,17883.023825078893,41071.291385249126,373567.47559460334,857958.8548487669
1.1148296593186373,17857.26965972242,41012.142728954444,373029.48388624546,856723.2688297051
1.1196392785571143,17831.66321533281,40953.333338039745,372494.5779954327,855494.7698957357
1.1244488977955913,17806.203015486302,40894.859821656224,371962.72708040697,854273.2872137129
1.129258517034068,17780.887604749765,40836.718837163455,371433.9007378939,853058.7509575407
1.134068136272545,17755.715548294433,40778.90708924235,370908.06899503415,851851.0922896417
1.138877755511022,17730.68543151829,40721.42132902778,370385.202301495,850650.243342839
1.143687374749499,17705.79585967694,40664.25835326096,369865.2715217595,849456.1372026496
1.148496993987976,17681.04545752278,40607.4150034607,369348.24792758864,848268.7078899711
1.153306613226453,17656.43286895212,40550.88816511287,368834.10319065145,847087.8903441525
1.15811623246493,17631.956756660275,40494.674766878336,368322.80937531736,845913.6204064467
1.162925851703407,17607.615801804073,40438.77177981794,367814.3389316084,844745.8348038202
1.167735470941884,17583.40870367201,40383.17621663477,367308.6646883083,843584.4711331266
1.1725450901803607,17559.334179361445,40327.88513093293,366805.75984621857,842429.4678456204
1.1773547094188377,17535.390963462945,40272.89561649253,366305.5979715655,841280.7642318131
1.1821643286573147,17511.577807751473,40218.204806560454,365808.1529895484,840138.3004066569
1.1869739478957917,17487.8934808842,40163.809873156344,365313.3991780282,839002.01729505
1.1917835671342685,17464.3367681049,40109.7080263937,364821.31116135116,837871.8566176486
1.1965931863727455,17440.906470954666,40055.89651381546,364331.8639043068,836747.7608769948
1.2014028056112225,17417.6014069888,40002.372619743815,363845.0327062133,835629.6733439298
1.2062124248496995,17394.42040949976,39949.13366464396,363360.79319513007,834517.5380443023
1.2110220440881765,17371.362327245923,39896.17700450105,362879.12132219214,833411.2997459576
1.2158316633266533,17348.426024186145,39843.50003021063,362399.99335606484,832310.9039460012
1.2206412825651303,17325.61037921988,39791.10016698181,361923.38587751554,831216.2968583321
1.2254509018036073,17302.914285932744,39738.97487375286,361449.2757740975,830127.4254014333
1.2302605210420843,17280.336652347403,39687.12164261905,360977.64023494726,829044.2371864226
1.235070140280561,17257.876400679586,39635.53799827244,360508.45674568746,827966.6805053479
1.239879759519038,17235.532467099267,39584.22149745321,360041.70308343787,826894.7043197262
1.244689378757515,17213.303801496633,39533.16972841229,359577.35731192667,825828.2582493192
1.249498997995992,17191.189367253017,39482.38031038527,359115.397776705,824767.2925611411
1.254308617234469,17169.188141016362,39431.85089307658,358655.8031004575,823711.7581586876
1.2591182364729459,17147.299112481385,39381.5791561548,358198.5521784091,822661.6065713878
1.2639278557114229,17125.52128417417,39331.56280875782,357743.6241738256,821616.7899442718
1.2687374749498999,17103.85367124107,39281.79958900806,357290.99851360463,820577.2610278415
1.2735470941883769,17082.295301242008,39232.28726353763,356840.65488395566,819542.9731681529
1.2783567134268536,17060.84521394774,39183.02362702296,356392.5732261677,818513.8802970919
1.2831663326653306,17039.502461141314,39134.00650172859,355946.7337324599,817489.9369228489
1.2879759519038076,17018.26610642346,39085.23373706032,355503.11684191733,816471.0981205797
1.2927855711422847,16997.135225021808,39036.70320912706,355061.70323650487,815457.3195232555
1.2975951903807617,16976.108903603934,38988.41282031136,354622.4738371626,814448.5573126914
1.3024048096192384,16955.186240094048,38940.36049884854,354185.4097999754,813444.7682107526
1.3072144288577154,16934.366343493297,38892.54419841386,353750.4925124203,812445.909470733
1.3120240480961924,16913.64833370359,38844.96189771806,353317.7035896863,811451.9388689052
1.3168336673346694,16893.031341354905,38797.6116001105,352887.02487106534,810462.8146962301
1.3216432865731462,16872.514507635828,38750.49133319024,352458.43841641425,809478.495750233
1.3264529058116232,16852.09698412752,38703.59914842456,352031.9265026856,808498.9413270338
1.3312625250501002,16831.77793264078,38656.93312077474,351607.4716205234,807524.111213531
1.3360721442885772,16811.556525056287,38610.491348329175,351185.0564709269,806553.9656797373
1.3408817635270542,16791.431943167903,38564.27195194361,350764.66396197677,805588.4654712633
1.345691382765531,16771.403378528958,38518.27307488787,350346.2772056239,804627.5718019386
1.350501002004008,16751.47003230141,38472.49288249969,349929.8795145391,803671.2463465811
1.355310621242485,16731.631115108004,38426.92956184496,349515.45439902385,802719.4512338985
1.360120240480962,16711.88584688702,38381.58132138428,349102.9855639767,801772.1490395237
1.3649298597194388,16692.233456749964,38336.44639064601,348692.45690592023,800829.3027791847
1.3697394789579158,16672.67318284173,38291.5230199052,348283.8525100802,799890.8759019972
1.3745490981963928,16653.204272203544,38246.80947986884,347877.1566475223,798956.8322838892
1.3793587174348698,16633.82598063837,38202.30406136654,347472.3537723404,798027.1362211425
1.3841683366733468,16614.537572578796,38158.00507504739,347069.4285188971,797101.7524240555
1.3889779559118236,16595.338320957435,38113.91085108209,346668.36569911597,796180.6460107251
1.3937875751503006,16576.227507079642,38070.019738870775,346269.15029982355,795263.7825009407
1.3985971943887776,16557.204420498638,38026.330106756126,345871.7674801398,794351.127810192
1.4034068136272546,16538.268358892852,37982.840341741685,345476.2025689161,793442.6482437855
1.4082164328657314,16519.41862794555,37939.548849215425,345082.4410622213,792538.3104910684
1.4130260521042084,16500.654541226595,37896.4540526782,344690.46862087125,791638.0816197577
1.4178356713426854,16481.975420076462,37853.554393477294,344300.2710680056,790741.9290703731
1.4226452905811624,16463.38059349216,37810.84833054453,343911.83438670606,789849.8206507665
1.4274549098196394,16444.86939801543,37768.3343401394,343525.1447176589,788961.7245307565
1.4322645290581162,16426.441177622757,37726.01091559653,343140.18835685955,788077.6092368527
1.4370741482965932,16408.09528361744,37683.87656707776,342756.9517533562,787197.4436470767
1.4418837675350702,16389.831074523583,37641.92982132871,342375.42150703655,786321.196985877
1.4466933867735472,16371.647915981956,37600.16922143956,341995.58436645154,785448.8388191317
1.451503006012024,16353.54518064768,37558.593326610106,341617.4272266786,784580.3390492412
1.456312625250501,16335.522248089725,37517.20071191894,341240.9371272221,783715.667910306
1.461122244488978,16317.578504692226,37475.98996809678,340866.1012499517,782854.7959633912
1.465931863727455,16299.713343557412,37434.95970130357,340492.9069170747,781997.6940918711
1.470741482965932,16281.926164410363,37394.10853290968,340121.3415891466,781144.3334968585
1.4755511022044088,16264.216373505324,37353.435099280825,339751.39286311367,780294.685692711
1.4803607214428858,16246.58338353373,37312.93805156673,339383.04847039207,779448.7225026169
1.4851703406813628,16229.026613533691,37272.61605549334,339016.29627497704,778606.416054255
1.4899799599198398,16211.54548880122,37232.467791158844,338651.12427158747,777767.7387755328
1.4947895791583166,16194.139440802785,37192.49195283296,338287.5205838413,776932.6633903937
1.4995991983967936,16176.807907089562,37152.68724875988,337925.4734624617,776101.1629147013
1.5044088176352706,16159.550331212951,37113.05240096432,337564.9712835145,775273.2106521875
1.5092184368737476,16142.366162641694,37073.586145061134,337206.0025466751,774448.780190475
1.5140280561122246,16125.254856680307,37034.28723006798,336848.5558735259,773627.8453971652
1.5188376753507014,16108.215874388912,36995.15441822122,336492.6200058809,772810.3804159908
1.5236472945891784,16091.24868250445,36956.18648479494,336138.1838041397,771996.3596630364
1.5284569138276554,16074.352753363151,36917.38221792294,335785.23624566867,771185.7578230193
1.5332665330661324,16057.527564824366,36878.74041842372,335433.7664232092,770378.5498456351
1.5380761523046091,16040.77260019566,36840.25989962858,335083.76354331337,769574.7109419643
1.5428857715430861,16024.087348159112,36801.93948721218,334735.21692480415,768774.2165809345
1.5476953907815632,16007.471302698897,36763.77801902635,334388.11599726224,767977.0424858482
1.5525050100200402,15990.923963029985,36725.774344936326,334042.45029953774,767183.164630962
1.5573146292585172,15974.444833528138,36687.92732665989,333698.20947828644,766392.5592381269
1.562124248496994,15958.033423660907,36650.23583760898,333355.38328652945,765605.2027734775
1.566933867735471,15941.689247919869,36612.69876273408,333013.9615822374,764821.0719441847
1.571743486973948,15925.411825753972,36575.31499837098,332673.93432693765,764040.1436952518
1.576553106212425,15909.200681503868,36538.08345209018,332335.2915843429,763262.3952063692
1.5813627254509017,15893.055344337448,36501.00304254864,331998.02351900464,762487.803888819
1.5861723446893787,15876.975348186272,36464.07269934389,331662.1203949847,761716.347382426
1.5909819639278557,15860.960231683175,36427.291362870754,331327.5725745526,760948.0035525645
1.5957915831663327,15845.009538100752,36390.65798417997,330994.3705168999,760182.7504872062
1.6006012024048097,15829.122815290919,36354.17152483945,330662.504776878,759420.5664940211
1.6054108216432865,15813.29961562538,36317.83095679754,330331.9660037541,758661.4300975213
1.6102204408817635,15797.539495937073,36281.635262248536,330002.74493998894,757905.3200362519
1.6150300601202405,15781.842017462533,36245.583433500375,329674.83242003195,757152.2152600264
1.6198396793587175,15766.206745785234,36209.6744728443,329348.21936913754,756402.0949272055
1.6246492985971943,15750.633250779643,36173.90739242672,329022.89680219773,755654.9384020184
1.6294589178356713,15735.121106556431,36138.28121412303,328698.85582259565,754910.7252519284
1.6342685370741483,15719.6698914083,36102.794969413386,328376.08762107586,754169.4352450379
1.6390781563126253,15704.279187756776,36067.44769926049,328054.5834746315,753431.0483475347
1.6438877755511023,15688.948582099822,36032.23845398922,327734.33474541095,752695.5447211774
1.648697394789579,15673.677664960242,35997.16629316817,327415.3328796388,751962.904720822
1.653507014028056,15658.466030834916,35962.23028549307,327097.5694065568,751233.1088919847
1.6583166332665331,15643.313278144808,35927.42950867191,326781.03593737824,750506.137968444
1.6631262525050101,15628.219009185697,35892.76304931186,326465.72416426,749781.9728698786
1.667935871743487,15613.18283007979,35858.230002808086,326151.62585929065,749060.5946995427
1.672745490981964,15598.204350727936,35823.82947323404,325838.73287349305,748341.9847419766
1.677555110220441,15583.283184762646,35789.56057323355,325527.03713584255,747626.1244607511
1.682364729458918,15568.418949501873,35755.422423914635,325216.5306523012,746912.9954962494
1.687174348697395,15553.61126590336,35721.41415474474,324907.205504865,746202.5796634791
1.6919839679358717,15538.859758519831,35687.53490344771,324599.0538506267,745494.8589499209
1.6967935871743487,15524.16405545476,35653.783815902316,324292.0679208529,744789.8155134061
1.7016032064128257,15509.523788318833,35620.16004604219,323986.2400200743,744087.4316800298
1.7064128256513027,15494.938592187093,35586.66275575744,323681.5625251898,743387.6899420929
1.7112224448897795,15480.408105556693,35553.29111479762,323378.02788458456,742690.5729560757
1.7160320641282565,15465.931970305308,35520.04430067616,323075.62861726136,741996.0635406433
1.7208416833667335,15451.509831650117,35486.92149857628,322774.3573119839,741304.1446746784
1.7256513026052105,15437.141338107514,35453.9219012583,322474.20662643353,740614.7994953454
1.7304609218436875,15422.826141453219,35421.044708968184,322175.1692863788,739928.0112961798
1.7352705410821643,15408.56389668319,35388.2891293477,321877.23808485694,739243.7635252129
1.7400801603206413,15394.354261974991,35355.654377345636,321580.40588136675,738562.0397831146
1.7448897795591183,15380.196898649721,35323.13967513048,321284.6656010749,737882.8238213713
1.7496993987975953,15366.091471134589,35290.74425200436,320990.01023403223,737206.0995404884
1.754509018036072,15352.037646925934,35258.467344318255,320696.4328344028,736531.8509882165
1.759318637274549,15338.035096552865,35226.30819538829,320403.9265197035,735860.0623578066
1.764128256513026,15324.0834935414,35194.26605541353,320112.48447005515,735190.7179862896
1.768937875751503,15310.182514379092,35162.34018139469,319822.0999274436,734523.8023527802
1.77374749498998,15296.331838480242,35130.52983705424,319532.766194993,733859.3000768061
1.7785571142284569,15282.53114815154,35098.83429275746,319244.4766362481,733197.1959166621
1.7833667334669339,15268.780128558217,35067.25282543484,318957.2246744673,732537.4747677847
1.7881763527054109,15255.078467690775,35035.784718505434,318671.0037919269,731880.1216611542
1.7929859719438879,15241.425856332022,35004.429261801364,318385.80752923375,731225.1217617177
1.7977955911823646,15227.821988024732,34973.185751493475,318101.62948464893,730572.4603668327
1.8026052104208417,15214.266559039685,34942.05349001786,317818.4633134199,729922.1229047374
1.8074148296593187,15200.759268344189,34911.03178600369,317536.3027271233,729274.0949330376
1.8122244488977957,15187.29981757102,34880.11995420179,317255.1414930164,728628.3621372205
1.8170340681362727,15173.887910987865,34849.317315414504,316974.9734333981,727984.9103291829
1.8218436873747494,15160.523255467118,34818.623196426284,316695.7924249785,727343.7254457881
1.8266533066132264,15147.205560456128,34788.03692993543,316417.5923982573,726704.793547435
1.8314629258517034,15133.934537947887,34757.55785448669,316140.3673369111,726068.1008166523
1.8362725450901805,15120.709902452123,34727.18531440495,315864.1112771904,725433.6335567127
1.8410821643286572,15107.531370966784,34696.91865972961,315588.8183073224,724801.3781902627
1.8458917835671342,15094.398662949858,34666.7572461501,315314.48256692477,724171.3212579746
1.8507014028056112,15081.311500291755,34636.70043494218,315041.09824642586,723543.4494172168
1.8555110220440882,15068.269607287852,34606.74759290508,314768.65958649357,722917.74944074
1.8603206412825652,15055.272710611607,34576.89809229961,314497.160877472,722294.2082153853
1.865130260521042,15042.320539287919,34547.15131078714,314226.59645882633,721672.8127408068
1.869939879759519,15029.412824666895,34517.506631369215,313956.9607185938,721053.5501282148
1.874749498997996,15016.549300398015,34487.963442328255,313688.2480928444,720436.4075991325
1.879559118236473,15003.729702404587,34458.52113716889,313420.45306514745,719821.3724841741
1.8843687374749498,14990.953768858562,34429.179114560204,313153.5701660452,719208.4322218344
1.8891783567134268,14978.221240155744,34399.93677827863,312887.59397253493,718597.5743573003
1.8939879759519038,14965.531858891261,34370.79353715174,312622.519107557,717988.786541274
1.8987975951903808,14952.88536983544,34341.74880500282,312358.34023949027,717382.0565288152
1.9036072144288578,14940.281519909928,34312.80200059602,312095.0520816541,716777.3721781959
1.9084168336673346,14927.720058164214,34283.95254758242,311832.64939181675,716174.7214497734
1.9132264529058116,14915.200735752427,34255.199874446706,311571.126971712,715574.0924048778
1.9180360721442886,14902.723305910413,34226.54341445465,311310.4796665592,714975.4732047124
1.9228456913827656,14890.287523933206,34197.98260560124,311050.70236459334,714378.8521092715
1.9276553106212424,14877.893147152692,34169.51689055941,310791.7899965982,713784.2174762709
1.9324649298597194,14865.539934915676,34141.14571662971,310533.73753544816,713191.5577600929
1.9372745490981964,14853.227648562131,34112.868535690315,310276.53999565385,712600.8615107457
1.9420841683366734,14840.956051403831,34084.684804148004,310020.1924329161,712012.1173728367
1.9468937875751502,14828.724908703227,34056.59398288954,309764.68994368427,711425.3140845591
1.9517034068136272,14816.533987652543,34028.595537233785,309510.0276647195,710840.4404766895
1.9565130260521042,14804.383057353309,34000.68893688457,309256.20077266736,710257.4854716046
1.9613226452905812,14792.27188879593,33972.873655883915,309003.2044836319,709676.4380823039
1.9661322645290582,14780.200254839743,33945.149172566096,308751.03405275696,709097.287411449
1.970941883767535,14768.167930193185,33917.514969512165,308499.6847738142,708520.0226504162
1.975751503006012,14756.174691394299,33889.97053350514,308249.1519787945,707944.6330783581
1.980561122244489,14744.22031679146,33862.51535548579,307999.4310375052,707371.1080612799
1.985370741482966,14732.30458652433,33835.14893050889,307750.5173571737,706799.437051127
1.9901803607214428,14720.427282505127,33807.87075770011,307502.4063820543,706229.6095848841
1.9949899799599198,14708.588188400061,33780.68034021352,307255.0935930418,705661.6152836862
1.9997995991983968,14696.787089611043,33753.577185189475,307008.574507289,705095.4438519408
2.004609218436874,14685.023773257637,33726.560803713204,306762.8446778291,704531.0850764614
2.0094188376753506,14673.29802815923,33699.63071077386,306517.8996932045,703968.5288256125
2.0142284569138273,14661.609644817401,33672.78642522403,306273.7351770969,703407.7650484638
2.0190380761523046,14649.95841539858,33646.027469739915,306030.34678796685,702848.7837739586
2.0238476953907814,14638.344133716879,33619.35337078185,305787.73021869315,702291.5751100887
2.0286573146292586,14626.766595217126,33592.763658555414,305545.8811962204,701736.1292430825
2.0334669338677354,14615.225596958182,33566.25786697307,305304.79548120906,701182.4364366026
2.038276553106212,14603.720937596383,33539.83553361613,305064.46886769,700630.4870309528
2.0430861723446894,14592.252417369255,33513.49619969736,304824.89718272426,700080.2714422961
2.047895791583166,14580.819838079393,33487.239410024005,304586.07628606714,699531.7801618819
2.0527054108216434,14569.423003078595,33461.06471296123,304348.0020698348,698985.0037552833
2.05751503006012,14558.06171725209,33434.9716603961,304110.6704581773,698439.9328616437
2.062324649298597,14546.7357870031,33408.959807701875,303874.0774069539,697896.5581929317
2.067134268537074,14535.445020237477,33383.028713702915,303638.2189034135,697354.8705332078
2.071943887775551,14524.189226348606,33357.17794063993,303403.0909658787,696814.8607378975
2.0767535070140277,14512.96821620243,33331.4070541356,303168.6896434328,696276.5197330749
2.081563126252505,14501.781802122732,33305.71562316076,302935.0110156132,695739.8385147554
2.0863727454909817,14490.629797876534,33280.10322000091,302702.05119210563,695204.8081481949
2.091182364729459,14479.512018659718,33254.569420223124,302469.80631244386,694671.4197672018
2.0959919839679357,14468.428281082788,33229.113802643435,302238.2725457125,694139.6645734515
2.100801603206413,14457.37840315686,33203.735949294554,302007.4460902543,693609.5338358156
2.1056112224448897,14446.362204279741,33178.43544539402,301777.32317337935,693081.0188896944
2.1104208416833665,14435.379505222272,33153.211879312694,301547.90005107934,692554.11113636
2.1152304609218437,14424.430128114753,33128.0648425437,301319.17300774495,692028.8020423072
2.1200400801603205,14413.513896433573,33102.9939296717,301091.1383558856,691505.083138611
2.1248496993987978,14402.630634988029,33077.99873834254,300863.7924358546,690982.9460202928
2.1296593186372745,14391.780169907228,33053.07886923326,300637.1316155755,690462.3823456953
2.1344689378757513,14380.962328627218,33028.2339260225,300411.1522902733,689943.3838358616
2.1392785571142285,14370.17693987823,33003.46351536121,300185.85088220745,689425.9422739262
2.1440881763527053,14359.423833672106,32978.76724684376,299961.22384040995,688910.049504509
2.1488977955911825,14348.702841289853,32954.14473297935,299737.2676404248,688395.6974331205
2.1537074148296593,14338.013795269339,32929.59558916378,299513.97878405143,687882.87802557
2.158517034068136,14327.356529393152,32905.11943365159,299291.3537990909,687371.5833073843
2.1633266533066133,14316.730878676619,32880.71588752845,299069.38923909527,686861.8053632319
2.16813627254509,14306.136679355932,32856.384574683965,298848.0816831201,686353.5363363533
2.1729458917835673,14295.573768876431,32832.12512178476,298627.4277354792,685846.7684280003
2.177755511022044,14285.041985881007,32807.93715824782,298407.4240255029,685341.4938968779
2.182565130260521,14274.541170198709,32783.820316214325,298188.06720729975,684837.705058598
2.187374749498998,14264.07116283336,32759.77423052356,297969.35395951866,684335.3942851352
2.192184368737475,14253.631805952446,32735.7985386873,297751.28098511684,683834.5540042904
2.1969939879759517,14243.222942876038,32711.892880864445,297533.84501112846,683335.1766991621
2.201803607214429,14232.844418065877,32688.05689983592,297317.04278843664,682837.2549076215
2.2066132264529057,14222.496077114565,32664.290240979877,297100.8710915477,682340.7812217944
2.211422845691383,14212.177766734956,32640.59255224727,296885.32671836915,681845.7482875516
2.2162324649298597,14201.889334749547,32616.96348413758,296670.4064899889,681352.1488040006
2.2210420841683365,14191.6306300801,32593.402689674887,296456.10725045745,680859.9755229871
2.2258517034068137,14181.401502737315,32569.909824384227,296242.42586657306,680369.2212486003
2.2306613226452905,14171.201803810676,32546.484546268224,296029.35922766925,679879.8788366852
2.2354709418837677,14161.031385458373,32523.126515783937,295816.9042454037,679391.9411943589
2.2402805611222445,14150.890100897343,32499.835395820053,295605.0578535514,678905.4012795332
2.2450901803607213,14140.777804393438,32476.610851674246,295393.8170077985,678420.2521004432
2.2498997995991985,14130.694351251715,32453.452551030925,295183.1786855398,677936.4867151811
2.2547094188376753,14120.639597806829,32430.360163939047,294973.1398856772,677454.0982312345
2.2595190380761525,14110.613401413473,32407.333362790378,294763.6976284216,676973.0798050293
2.2643286573146293,14100.615620437078,32384.371822297897,294554.84895509697,676493.4246414818
2.269138276553106,14090.646114244428,32361.47521947442,294346.5909279455,676015.1259935508
2.2739478957915833,14080.704743194525,32338.643233611565,294138.92062993627,675538.1771617968
2.27875751503006,14070.791368629521,32315.875546258856,293931.83516457555,675062.5714939481
2.283567134268537,14060.905852865691,32293.171841203108,293725.331655719,674588.3023844686
2.288376753507014,14051.048059184597,32270.53180444801,293519.40724738623,674115.3632741317
2.293186372745491,14041.217851824289,32247.95512419406,293314.05910357786,673643.7476496001
2.297995991983968,14031.415095970622,32225.44149081849,293109.28440809326,673173.4490430087
2.302805611222445,14021.639657748696,32202.990596855685,292905.0803643523,672704.4610315536
2.3076152304609217,14011.891404214324,32180.602136977544,292701.4441952171,672236.777237083
2.312424849699399,14002.17020334568,32158.27580797436,292498.3731428175,671770.3913256958
2.3172344689378757,13992.47592403498,32136.011308735615,292295.8644683769,671305.2970073442
2.322044088176353,13982.808436080264,32113.80834023123,292093.915452041,670841.4880354372
2.3268537074148297,13973.167610177286,32091.666605492814,291892.52339270874,670378.9582064543
2.3316633266533064,13963.553317911495,32069.58580959535,291691.6856078637,669917.7013595575
2.3364729458917837,13953.965431750072,32047.56565963881,291491.3994334087,669457.7113762111
2.3412825651302605,13944.40382503408,32025.605864730245,291291.66222350165,668998.9821798065
2.3460921843687377,13934.86837197071,32003.706135965876,291092.4713503935,668541.5077352865
2.3509018036072145,13925.3589476256,31981.86618641348,290893.8242042671,668085.2820487804
2.3557114228456912,13915.875427915196,31960.085731094863,290695.718193079,667630.2991672353
2.3605210420841685,13906.417689599273,31938.364486968694,290498.1507424023,667176.5531780581
2.3653306613226452,13896.985610273496,31916.702172913374,290301.11929527094,666724.0382087588
2.370140280561122,13887.579068362054,31895.098509710137,290104.6213120269,666272.7484265962
2.3749498997995993,13878.197943110372,31873.553220026348,289908.6542701673,665822.6780382295
2.379759519038076,13868.84211457795,31852.066028399033,289713.2156641945,665373.8212893736
2.3845691382765533,13859.511463631217,31830.636661218403,289518.30300546734,664926.1724644568
2.38937875751503,13850.205871936478,31809.264846711798,289323.9138220539,664479.7258862827
2.394188376753507,13840.925221952968,31787.950314927606,289130.0456585863,664034.475915697
2.398997995991984,13831.669396925963,31766.692797719472,288936.6960761162,663590.4169512553
2.403807615230461,13822.43828087994,31745.492028730638,288743.8626519724,663147.5434288974
2.408617234468938,13813.231758611832,31724.347743378403,288551.54297962034,662705.8498216221
2.413426853707415,13804.049715684363,31703.259678838844,288359.7346685222,662265.3306391686
2.4182364729458916,13794.892038419453,31682.227574031607,288168.4353439994,661825.9804276983
2.423046092184369,13785.758613891652,31661.251169604948,287977.64264709555,661387.7937694818
2.4278557114228456,13776.649329921713,31640.33020792086,287787.3542344417,660950.7652825891
2.432665330661323,13767.564075070153,31619.4644330403,287597.5677781227,660514.8896205816
2.4374749498997996,13758.502738630978,31598.653590708844,287408.2809655451,660080.1614722101
2.4422845691382764,13749.465210625343,31577.8974283421,287219.4914993059,659646.5755611126
2.4470941883767536,13740.451381795438,31557.195695011596,287031.1970970635,659214.1266455179
2.4519038076152304,13731.46114359829,31536.548141430645,286843.3954914093,658782.8095179512
2.456713426853707,13722.49438819974,31515.954519940442,286656.0844297414,658352.6190049431
2.4615230460921844,13713.55100846842,31495.414584496237,286469.26167413837,657923.5499667412
2.466332665330661,13704.63089796978,31474.928090653724,286282.9250012359,657495.5972970256
2.4711422845691384,13695.733950960268,31454.494795555474,286097.07220210345,657068.7559226252
2.475951903807615,13686.860062381464,31434.11445791765,285911.7010821231,656643.0208032406
2.480761523046092,13678.009127854333,31413.786838016717,285726.80946086836,656218.3869311663
2.485571142284569,13669.181043673518,31393.511697676346,285542.3951719863,655794.8493310176
2.490380761523046,13660.375706801737,31373.28880025454,285358.45606307907,655372.4030594603
2.495190380761523,13651.59301486413,31353.117910630684,285174.98999558686,654951.0432049421
2.5,13642.83286614278,31332.998795192954,284991.99484467297,654530.7648874279
