LF,Optimal_AR,BOR
0.05,0.5572576048385008,0.053363390627039285
0.0590909090909091,0.5563543651535681,0.04520250448576894
0.06818181818181819,0.5554580203363014,0.03921764481747771
0.07727272727272728,0.5545684934219579,0.034640803608098646
0.08636363636363636,0.5536857087517975,0.03102734462105015
0.09545454545454546,0.5528095919443411,0.028102016836995137
0.10454545454545455,0.5519400698675235,0.025685308707481282
0.11363636363636365,0.5510770706114592,0.02365515236674493
0.12272727272727274,0.5502205234620687,0.02192564819399328
0.13181818181818183,0.5493703588753902,0.0204345930049864
0.14090909090909093,0.5485265084524993,0.019135836040394084
0.15000000000000002,0.5476889049152147,0.01799441459485334
0.15909090909090912,0.5468574820823837,0.016983357430199887
0.1681818181818182,0.5460321748467786,0.016081524919701353
0.17727272727272728,0.5452129191526769,0.015272113763111087
0.18636363636363637,0.5443996519739278,0.014541599346290447
0.19545454545454546,0.5435923112926556,0.013878973256118466
0.20454545454545456,0.5427908360785026,0.01327518412482196
0.21363636363636365,0.5419951662684022,0.012722721237503003
0.22272727272727275,0.5412052427468297,0.01221530011320317
0.23181818181818184,0.5404210073266533,0.011747622067036778
0.24090909090909093,0.5396424027303578,0.011315188210978194
0.25,0.5388693725718098,0.010914154036327716
0.2590909090909091,0.5381018613384917,0.010541214610424236
0.2681818181818182,0.5373398143740902,0.010193513123109576
0.2772727272727273,0.5365831778616524,0.009868567424138162
0.2863636363636364,0.5358318988070224,0.009564210553361143
0.29545454545454547,0.5350859250227799,0.009278542250042952
0.30454545454545456,0.5343452051125384,0.009009889147019527
0.31363636363636366,0.533609688455614,0.008756771887614615
0.32272727272727275,0.5328793251920936,0.008517877800289847
0.33181818181818185,0.5321540663600258,0.008292038063522095
0.34090909090909094,0.5314338632531806,0.008078208532210966
0.35000000000000003,0.5307186683831279,0.007875453536356275
0.3590909090909091,0.5300084347902808,0.00768293215655703
0.3681818181818182,0.5293031162063184,0.007499886524802561
0.3772727272727273,0.528602667041267,0.007325631818326565
0.3863636363636364,0.5279070423708563,0.007159547666082818
0.3954545454545455,0.5272161979241936,0.007001070740521001
0.4045454545454546,0.5265300900717108,0.006849688348269363
0.4136363636363637,0.5258486758133954,0.006704932865940179
0.4227272727272728,0.5251719127672939,0.006566376893947687
0.4318181818181819,0.5244997591582767,0.00643362902242912
0.440909090909091,0.5238321738070608,0.006306330121017568
0.45000000000000007,0.5231691161194862,0.006184150078305043
0.45909090909090916,0.5225105460760239,0.0060667849286907384
0.46818181818181825,0.5218564242215382,0.005953954313997575
0.47727272727272735,0.5212067116552636,0.00584539923514811
0.48636363636363644,0.5205613700210056,0.005740880056037316
0.4954545454545455,0.5199203614975745,0.005640174727109678
0.5045454545454546,0.5192836487894266,0.005543077201018571
0.5136363636363637,0.5186511951174934,0.0054493960165228365
0.5227272727272728,0.5180229642102361,0.005358953030140951
0.5318181818181819,0.517398920294884,0.005271582277911417
0.540909090909091,0.5167790280888691,0.005187128951905074
0.55,0.5161632527914417,0.005105448478276615
0.5590909090909092,0.5155515600754692,0.005026405685233652
0.5681818181818182,0.5149439160794154,0.004949874050874492
0.5772727272727274,0.5143402873994883,0.0048757350221354506
0.5863636363636364,0.5137406410819467,0.0048038773970402494
0.5954545454545456,0.513144944615596,0.004734196763591302
0.6045454545454546,0.5125531659244177,0.004666594989230044
0.6136363636363638,0.5119652733603571,0.004600979755731048
0.6227272727272728,0.5113812356962794,0.0045372641347927
0.6318181818181818,0.5108010221190655,0.00447536620029643
0.640909090909091,0.5102246022729872,0.0044152086732649675
0.65,0.5096519460433778,0.004356718598083898
0.6590909090909092,0.5090830238799029,0.004299827042513189
0.6681818181818182,0.5085178065590142,0.004244468825260367
0.6772727272727274,0.5079562652387623,0.004190582263936081
0.6863636363636364,0.5073983714527058,0.004138108943331809
0.6954545454545455,0.5068440971039255,0.004086993501906779
0.7045454545454546,0.5062934144591892,0.004037183434765656
0.7136363636363637,0.5057462961432094,0.003988628911736679
0.7227272727272728,0.5052027151330319,0.00394128260914953
0.7318181818181819,0.5046626447525304,0.003895099554148413
0.740909090909091,0.5041260586670187,0.0038500369805046083
0.7500000000000001,0.5035929308779583,0.0038060541948777326
0.7590909090909091,0.503063235717787,0.0037631124526812647
0.7681818181818183,0.5025369478448365,0.0037211748428150416
0.7772727272727273,0.5020140422383589,0.0036802061804171973
0.7863636363636365,0.501494494193648,0.003640172907115591
0.7954545454545455,0.5009782793172574,0.003601042998075366
0.8045454545454547,0.5004653735223085,0.0035627858753654413
0.8136363636363637,0.4999557530238965,0.0035253723271501955
0.8227272727272729,0.49944939433458285,0.00348877443219307
0.8318181818181819,0.4989462742599693,0.0034529654893736736
0.840909090909091,0.4984463698943706,0.0034179199517030937
0.8500000000000001,0.49794965861655177,0.0033836133646450617
0.8590909090909091,0.4974561180855695,0.003350022308296912
0.8681818181818183,0.4969657262366717,0.0033171243432419686
0.8772727272727273,0.49647846127728923,0.0032848979597396525
0.8863636363636365,0.4959943016830993,0.003253322530069534
0.8954545454545455,0.4955132262025535,0.0032223782637129097
0.9045454545454547,0.4950352138163481,0.003192046165461347
0.9136363636363637,0.4945602437946412,0.0031623079955852614
0.9227272727272728,0.4940882956479008,0.003133146232821417
0.9318181818181819,0.4936193491363177,0.0031045440392829596
0.940909090909091,0.4931533842662866,0.003076485227466469
0.95,0.492690381286958,0.0030489542291485964
