r_U,LF,Optimal a Value,Optimal a BOR,BOR a=0.5,BOR a=2.0
0.25,95%,0.12363211271026903,0.001923285203768943,0.002294931007805534,0.003342525365297222
0.25,50%,0.1300844112467359,0.0035387698573441373,0.004173133090397574,0.006044399642179954
0.25,5%,0.13729580372866945,0.03420375852507318,0.03984846665196762,0.057333444627562624
1.0,95%,0.49316208173923604,0.0030495800196193024,0.0030496461922799867,0.0036420924716578096
1.0,50%,0.5197536487115646,0.0056067489935907044,0.005607672220776516,0.006614215647744226
1.0,5%,0.5499524301127509,0.05413939487675723,0.054193803998935586,0.06303163626947628
4.0,95%,1.9708983623813285,0.00484023135129652,0.006068789640163219,0.004840345781899513
4.0,50%,2.0820742495091196,0.008891896324460191,0.011346545015409992,0.008893492032802985
4.0,5%,2.2138296795611425,0.08572659484221323,0.11158302916626495,0.08582463424836329
