LF,Optimal_Geometric_AR,Optimal_Thermal_AR,Min_BOR
0.05,2.2138296795611425,0.6671256059328924,0.08572659484221323
0.0590909090909091,2.2110240683386975,0.6671284378864266,0.07259307884439559
0.06818181818181819,2.2080797959555474,0.6671166445498515,0.06296181097932507
0.07727272727272728,2.2052741847331023,0.6671179179249407,0.055596703768598044
0.08636363636363636,2.2024685735106577,0.667118421549411,0.049782127541940335
0.09545454545454546,2.1996629622882127,0.6671181554978717,0.045075073476424254
0.10454545454545455,2.1968573510657676,0.6671171198321317,0.041186622774660675
0.11363636363636365,2.194051739843323,0.6671153146010708,0.03792031065457224
0.12272727272727274,2.191246128620878,0.6671127398404938,0.03513788412150021
0.13181818181818183,2.1884405173984334,0.6671093955729612,0.03273922893806236
0.14090909090909093,2.1856349061759883,0.6671052818075852,0.030650066799212672
0.15000000000000002,2.1828292949535433,0.6671003985397762,0.02881412626184532
0.15909090909090912,2.1802858241735996,0.667121301408471,0.027187997921795493
0.1681818181818182,2.177480212951155,0.667114915987105,0.025737658188674795
0.17727272727272728,2.17467460172871,0.6671077610838154,0.024436062688656612
0.18636363636363637,2.171868990506265,0.6670998366374138,0.023261443989035957
0.19545454545454546,2.1690633792838203,0.6670911425713649,0.022196084412111627
0.20454545454545456,2.1666585696645817,0.6671225569744608,0.02122541606830941
0.21363636363636365,2.163852958442137,0.6671123807075663,0.020337350733314663
0.22272727272727275,2.161047347219692,0.6671014346755886,0.01952177377942088
0.23181818181818184,2.1582417359972474,0.6670897187327915,0.01877015717493613
0.24090909090909093,2.1558369263780084,0.6671183311432596,0.018075260111149793
0.25,2.153031315155564,0.6671051329080198,0.01743089502492845
0.2590909090909091,2.15048784437562,0.6671181149262069,0.01683174278394195
0.2681818181818182,2.147682233153175,0.6671034140625206,0.016273205456485806
0.2772727272727273,2.1448766219307305,0.6670879425156687,0.015751288169102207
0.2863636363636364,2.142471812311492,0.6671130734240889,0.015262503277211792
0.29545454545454547,2.139666201089047,0.6670961184601253,0.014803792433164764
0.30454545454545456,2.137261391469808,0.6671198730559598,0.014372462450143342
0.31363636363636366,2.1344557802473636,0.6671014337247516,0.01396613236590949
0.32272727272727275,2.1316501690249186,0.6670822219407656,0.013582689556243421
0.33181818181818185,2.1292453594056804,0.6671038861608259,0.013220252837946811
0.34090909090909094,2.126439748183235,0.6670831871122183,0.012877141772489109
0.35000000000000003,2.1240349385639967,0.6671034718086075,0.012551850431934186
0.3590909090909091,2.1212293273415517,0.6670812822031403,0.01224302545992284
0.3681818181818182,2.118685856561608,0.667085700224585,0.011949447097191479
0.3772727272727273,2.1162810469423694,0.6671039159898741,0.011670013195177464
0.3863636363636364,2.1134754357199244,0.6670794889859277,0.011403725337479687
0.3954545454545455,2.111070626100686,0.6670963112309253,0.01114967686904822
0.4045454545454546,2.1086658164814476,0.6671124574822748,0.010907042693760749
0.4136363636363637,2.105860205259003,0.6670857895590651,0.010675070197497583
0.4227272727272728,2.1034553956397644,0.6671005202775808,0.01045307153033126
0.4318181818181819,2.1010505860205257,0.6671145596461515,0.010240416769767391
0.440909090909091,2.0982449747980807,0.6670856021085055,0.010036527908699133
0.45000000000000007,2.0958401651788425,0.6670981820285344,0.009840873680062812
0.45909090909090916,2.093435355559604,0.6671100407475569,0.009652964881575965
0.46818181818181825,2.0908918847796607,0.6671064744881726,0.00947235028288107
0.47727272727272735,2.0880862735572157,0.6670743078484279,0.009298613050606308
0.48636363636363644,2.0856814639379775,0.667083832469619,0.009131367480375685
0.4954545454545455,2.083276654318739,0.6670925569919377,0.008970256193522319
0.5045454545454546,2.0808718446995003,0.6671004521130036,0.008814947541103013
0.5136363636363637,2.0784670350802616,0.667107484004992,0.00866513333861918
0.5227272727272728,2.075661423857817,0.6670708245043032,0.008520526814020712
0.5318181818181819,2.0732566142385784,0.6670759570277791,0.008380860799245715
0.540909090909091,2.07085180461934,0.6670800966053153,0.008245886062484997
0.55,2.068446995000101,0.6670831912803387,0.008115369822535579
0.5590909090909092,2.066042185380863,0.6670851855803466,0.00798909441244744
0.5681818181818182,2.0636373757616244,0.6670860215512637,0.00786685606824955
0.5772727272727274,2.0610939049816803,0.6670707236213858,0.007748463829258201
0.5863636363636364,2.058689095362442,0.667069045856099,0.007633738557925485
0.5954545454545456,2.0562842857432035,0.6670660325080836,0.007522512019245031
0.6045454545454546,2.053879476123965,0.6670616284162356,0.007414626071532204
0.6136363636363638,2.0514746665047268,0.6670557826575669,0.0073099319178975275
0.6227272727272728,2.049069856885488,0.6670484498976013,0.007208289426072545
0.6318181818181818,2.0466650472662495,0.6670395912711314,0.00710956650752026
0.640909090909091,2.0442602376470114,0.6670291748662087,0.007013638550019907
0.65,2.0418554280277728,0.6670171757872027,0.006920387897912494
0.6590909090909092,2.039450618408534,0.6670035758983444,0.006829703375454077
0.6681818181818182,2.0370458087892955,0.6669883631074793,0.00674147984920892
0.6772727272727274,2.035041800773264,0.6670152392642267,0.006655617820741977
0.6863636363636364,2.032636991154025,0.6669968391136075,0.006572023062353605
0.6954545454545455,2.0300935203740815,0.6669616581538067,0.006490606282778311
0.7045454545454546,2.0280895123580494,0.6669838640445225,0.0064112827843674225
0.7136363636363637,2.025684702738811,0.6669606419730422,0.006333972187694492
0.7227272727272728,2.0232798931195726,0.666935808592131,0.006258598173656038
0.7318181818181819,2.0212758851035404,0.6669533927003389,0.006185088207822043
0.740909090909091,2.018871075484302,0.6669254086912452,0.006113373302883973
0.7500000000000001,2.0164662658650636,0.6668958296928348,0.006043387851888404
0.7590909090909091,2.0144622578490314,0.6669088423602486,0.0059750693644167185
0.7681818181818183,2.012057448229793,0.666876146880829,0.005908358323904794
0.7772727272727273,2.010053440213761,0.666886156244323,0.005843197998950389
0.7863636363636365,2.007648630594522,0.6668503673813603,0.005779534279716669
0.7954545454545455,2.0056446225784903,0.6668573970694499,0.005717315535788359
0.8045454545454547,2.0032398129592517,0.6668185377886441,0.005656492477198682
0.8136363636363637,2.0010971437825145,0.6668072214471271,0.005597018004537935
0.8227272727272729,1.9990931357664823,0.6668098324036965,0.005538847111297152
0.8318181818181819,1.9970891277504503,0.6668110024917125,0.005481936769077933
0.840909090909091,1.9950851197344182,0.6668107374446849,0.005426245802130802
0.8500000000000001,1.9926803101151798,0.6667643670442613,0.005371734793331084
0.8590909090909091,1.9906763020991476,0.6667612024337627,0.005318366003143948
0.8681818181818183,1.9886722940831156,0.6667566193503506,0.005266103277205447
0.8772727272727273,1.9866682860670837,0.6667506232501517,0.005214911957178048
0.8863636363636365,1.9846642780510515,0.6667432195217344,0.005164758808507086
0.8954545454545455,1.9826602700350193,0.6667344134867492,0.005115611948091736
0.9045454545454547,1.9806562620189874,0.6667242104011182,0.005067440776368226
0.9136363636363637,1.9786522540029552,0.6667126154552584,0.005020215913416282
0.9227272727272728,1.9766482459869232,0.6666996337752927,0.0049739091388543155
0.9318181818181819,1.974644237970891,0.6666852704235543,0.004928493335253803
0.940909090909091,1.9730410315580655,0.6667146739278006,0.0048839424270101794
0.95,1.9708983623813285,0.666681976747885,0.00484023135129652
